url,title,date,body
https://www.naseej.com/ar/news-ar/2023/08/%d8%a7%d9%84%d9%85%d8%a4%d8%b3%d8%b3%d8%a9-%d8%a7%d9%84%d8%b9%d8%a7%d9%85%d8%a9-%d9%84%d9%84%d8%aa%d8%af%d8%b1%d9%8a%d8%a8-%d8%a7%d9%84%d8%aa%d9%82%d9%86%d9%8a-%d9%88%d8%a7%d9%84%d9%85%d9%87%d9%86-2/,المؤسسة العامة للتدريب التقني والمهني تختار شركة نسيج لتزويدها بأحدث أنظمة إدارة التَعَلُم والاختبارات وتطوير محتوى التعلم الإلكتروني,"أغسطس 30, 2023","الرياض، المملكة العربية السعودية – يوليو 2023
اختارت المؤسسة العامة للتدريب التقني والمهني شركة نسيج – الرائدة في توفير حلول التحول الرقمي وإدارة المعرفة بمنطقة الشرق الأوسط – لتزويدها بأحدث أنظمة إدارة التَعَلُم الالكتروني والاختبارات وتطوير المحتوى التي تمكنها من مواصلة دورها الحيوي في تنمية الموارد البشرية الوطنية السعودية، رجالاً ونساءً، من خلال التدريب، بما يسهم في سد احتياجات سوق العمل السعودية كماً ونوعاً من القوى البشرية، اسهاماً منها في تحقيق الأهداف الطموحة لرؤية السعودية 2030.
وبموجب هذه الشراكة تتولى نسيج للتقنية توفير أنظمة إدارة التَعَلُم والاختبارات لـ 300,000 متدرب، كما تقوم بتطوير محتوى التعلم الالكتروني للمؤسسة، بالإضافة الى توفير الدعم الفني والصيانة لمدة ثلاثة أعوام بما يفي باحتياجات المؤسسة العامة للتدريب التقني والمهني.
ضمن هذا المشروع، توفر نسيج للمؤسسةَ العامة للتدريب التقني والمهني منصة مداد السحابية لإدارة التعلم الإلكتروني التي صممتها نسيج كمنصة تَعَلُم متكاملة وآمنة قابلة للتوسع والتطوير والتكييف لتوفر للمؤسسة العامة للتدريب التقني والمهني، وغيرها من المؤسسات التعليمية والتدريبية، بيئةً شاملة لتقديم برامج التعليم الإلكتروني والمدمجة على الإنترنت لجميع المتدربين بطريقة سلسة، واضعةً بين أيديهم حزمة فريدة تجمع بين أهم أدوات التعليم مع أعلى مستويات الأمن والحماية وتوفير التكاليف إضافة الى الموثوقية التي تضمن تشغيل الأنظمة في ساعات الذروة.
حرصاً منها على توفير كافة الأنظمة التي توفر تجربة تعلم متكاملة، اختارت المؤسسة العامة للتدريب التقني والمهني “مستودع الوحدات التعليمية لإدارة المحتوى التعليمي الالكتروني من مداد الذي يتيح للمؤسسة إمكانية الحصول على مستودع رقمي سهل الاستخدام ويتوافق مع بيئة التعلم الإلكتروني، بالإضافة الى إمكانية تخزين وأرشفة وإدارة المقررات والوحدات التعليمية التي يتم إنشاؤها في أنظمة تطوير المحتوى، مع إمكانية تصدير المكونات التعليمية للمُعَلمين مباشرة إلى منصة التَعَلُم، فضلاً عن إمكانية إعادة تطوير المكونات التعليمية، والاحتفاظ بالنسخ القديمة، لتتوفر لدى المؤسسة جميع النسخ السابقة في حالة الحاجة إليها أثناء عملية التطوير.
كما تقتضي الشراكة بين الجانبين أن تزود شركة نسيج المؤسسةَ العامة للتدريب التقني والمهني بخدمات مراقبة الاختبارات الإلكترونية  من بروكتوريو Proctorio – وهو النظامُ المؤتمَت والآمن تماماً لمراقبة أداء الامتحانات عبر شبكة الانترنت، والذي يتميز بعددٍ من الخصائص أبرزها امكانية التحقق من الهوية آلياً، ومراقبة المُمتَحِنين آلياً، وحماية المُحتوى عبر وضع قيود على  شروع الممتحنين في نسخ أو طبع أو تحميل أي بيانات، بالإضافة الى سهولة استخدام هذه الخدمات وتوفر الدعم المستمر لها، وعدم احتياج الممتحن الى تركيب أي برمجيات، مع إمكانية الدمج الكامل لهذه الخدمات مع أنظمة إدارة التَعُلم فضلاً عن ضمان حماية الملكية الفكرية.

في إطار سعيها الدائم لتوفير أفضل الممارسات في التعلم والتدريب، قررت المؤسسة العامة للتدريب التقني والمهني تصميم وحدات تعليمية مخصصة عبر تبني خدمات نسيج لتطوير محتوى التعلم الإلكتروني المُخَصَص. حيث توفر شركة نسيج هذه الخدمات لتتيح للمؤسسة إمكانية تخصيص المحتوى التدريبي الذي تقدمه  للمتدربين بما يحقق هدفها في رفع مهارات القوى العاملة وتعزيز الإنتاجية. وبفضل هذه المنظومة المتميزة تتولى نسيج تطوير محتوى تدريبي ما يزيد على 100 مادة من المستويين الثالث والرابع لمتدربي المؤسسة العامة للتدريب التقني والمهني.
ونوه المهندس عبد الله الطريفي، نائب رئيس شركة نسيج، بالتعاون بين نسيج والمؤسسة العامة للتدريب التقني والمهني موضحاً أن “هذه الشراكة تشكل إنجازًا هامًا في التزام المؤسستين بتعزيز التعليم التقني والمهني وتحسين جودة البرامج التعليمية المقدمة للمواطنين السعوديين”.

وأضاف نائب رئيس شركة نسيج قائلاً: “منذ عام 1989م تتمثل استراتيجيتنا في تمكين العملاء لدعم عمليات التحول الرقمي ، وخصوصاً المؤسسات العاملة في مجال التدريب والتعليم، من الاستفادة من القدرات الرقمية لعالمٍ يتطور بسرعة كبيرة. وفي هذا الإطار تتفهم نسيج أهمية الدور الحيوي الذي تقوم به المؤسسة العامة للتدريب التقني والمهني في توفير التدريب الذي يستهدف تنمية الموارد البشرية الوطنية في المملكة. ولذلك نتشرف بأن نقدم للمؤسسة حزمة من الحلول التكنولوجية التي تمكنها من توفير تجربة تَعَلُم تفاعلية ومتكاملة للمتدربين عبر تقديم محتوى تَعَلُم تفاعلي غني بالرسوم البيانية وتجارب المحاكاة والوسائل السمعية والبصرية بما يعزز قدراتهم على الاستيعاب والفهم، ويطور مهاراتهم بشكل متميز، كما يتيح لهم الوصول إلى المحتوى التعليمي، وتتبع التقدم، وتنظيم المهام، وتبادل الموارد”.

نبذة عن المؤسسة العامة للتدريب التقني والمهني
المؤسسة العامة للتدريب التقني والمهني هي الجهة الحكومية المعنية بتوفير التدريب التقني والمهني في المملكة العربية السعودية منذ عام 1980 م. وتختص المؤسسة بتنمية الموارد البشرية الوطنية السعودية، رجالاً ونساءً، من خلال التدريب بما يسهم في سد احتياجات سوق العمل السعودية كماً ونوعاً من القوى البشرية، وذلك مشاركةً منها في تحقيق الأهداف الطموحة لرؤية السعودية 2030، حيث تقدم العديد من البرامج التدريبية في منشآتها التدريبية من كليات تقنية ومعاهد، وكذلك في معاهد الشركات الاستراتيجية، والكليات التقنية العالمية، بالإضافة إلى برامج تدريبية في منشآت التدريب الأهلي، وبرامج مساندة مجتمعية مرنة. ويصل العدد الإجمالي لمنشآت المؤسسة العامة للتدريب التقني والمهني 283 منشأة تغطي كافة أرجاء المملكة العربية السعودية.

نبذة عن نسيج
شركة نسيج للاتصالات وتقنية المعلومات هي الشركة الرائدة إقليمياً في تقديم حلول وخدمات المعرفة. وتعمل نسيج في خدمة الجهات الحكومية وكبرى الشركات، والمعاهد التدريبية ومؤسسات التعليم، ومراكز الأبحاث، والمراكز الثقافية والمعلوماتية، من خلال توفير مجموعة أنظمة وخدمات متطورة متوافقة مع أحدث التوجهات والمعايير العالمية التي تمكنهم من إدارة ونشر المعلومات والمعرفة بشكل معياري.  وقد اكتسبت شركة نسيج، منذ عام 1989، ثقة مئات العملاء الكبار، مثل المؤسسة العامة للتدريب التقني والمهني، مكتبة محمد بن راشد، جامعة الأميرة نورة بنت عبد الرحمن، شركة الإتصالات السعودية، جامعة الكويت، وزارة التجارة والاستثمار، وغيرها من الشركات والجامعات والمؤسسات الاكاديمية.. وللمزيد من المعلومات عن حلول وخدمات نسيج الرجاء زيارة www.naseej.com
"
https://www.naseej.com/ar/%d8%ba%d9%8a%d8%b1-%d9%85%d8%b5%d9%86%d9%81/2023/08/bisha-university-chooses-medad-learning-and-training-management-platform-from-naseej/,جامعة بيشة تختار منصة مداد لإدارة التَعَلُم والتدريب الإلكتروني من نسيج,"أغسطس 29, 2023","بيشة، المملكة العربية السعودية – أغسطس 2023
استمراراً لجهودها المستمرة لتقديم حلول سحابية متطورة في مجالي التدريب والتعلم الإلكتروني، ودعم المؤسسات الاكاديمية والجامعات على تطوير عمليات تدريب الموظفين تطويراً شاملاً، قامت شركة نسيج – الرائدة في تقديم حلول وخدمات المعرفة بالشرق الأوسط – بتزويد جامعة بيشة بأحدث أنظمة التَعَلُم والتدريب الإلكتروني التي تمكنها من مواصلة رسالتها الكبيرة في بناء مجتمع معرفي تنافسي من خلال بيئة تعليمية متطورة، وبحوث علمية، ومبادرات وشراكات مجتمعية فاعلة.
وبموجب اتفاقية الشراكة بين الطرفين تلتزم نسيج بتزويد جامعة بيشة بمنصة مداد إدارة التعلم والتدريب الإلكتروني التي طورتها نسيج بما يعكس هوية وشعار جامعة بيشة، وتغطي كافة أوجه التدريب بدءاً بتحديد الاحتياجات التعليمية، ومروراً بالتقييم، وانتهاءً بتوفير المخرجات اللازمة سواء على شكل شهادات او تقارير، على أن يتم النفاذ لها من قِبَل المُتَدَرِبين بواسطة أجهزة الحاسب الآلي أو الهواتف الذكية أو الأجهزة اللوحية. كما توفر نسيج لجامعة بيشة خدمات تطوير محتوى التعلم الإلكتروني المخصص من خلال فريقَ عمل يساعدها في تخطيط وتحرير وتصميم وتخصيص محتوى مقرراتها التدريبية والدراسية بطريقة تشتمل على مختلف الوسائل المساعدة من سيناريوهات التعلم، وفيديوهات، ورسوم متحركة، وعناصر تفاعلية، وتطبيقات المحاكاة التفاعلية، وآليات الألعاب بما يساعد المتدربين على الفهم والنجاح.
وسوف يتيح تبني منصة مداد للتعلم والتدريب الإلكتروني لجامعة بيشة الكثير من الميزات أهمها إمكانية استخدام الجامعة للمنصة بشكل مركزي لجميع المتدربين في الجامعة، وإمكانية تحديد أنواع التعليم والتدريب المختلفة بناءً على احتياجات الجامعة، وإمكانية توفير أنواع عديدة من التعليم والتدريب باستخدام نفس المنصة، منها، على سبيل المثال، التعليم والتدريب الحضوري، التعليم والتدريب عن بعد، التعليم والتدريب عبر شبكة الانترنت، والتعليم والتدريب المركزي، فضلاً عن إمكانية اختبار المتدربين في نهاية كل مقرر، وإصدار شهادات اجتياز الدورات للمتدربين.
ويشتمل نطاقُ عمل العقد المبرم بين الطرفين على قيام نسيج بتوفير الاشتراك في منصة مداد للتعليم والتدريب الإلكتروني لــ 1000 متدرب شاملةً توفير نظام التعلم الإلكتروني، توفير نظام مستودع الوحدات التعليمية ، توفير نظام إدارة إنجازات المتدربين، توفير نظام التقارير ولوحة الأداء، توفير نظام الفصول الافتراضية، توفير نظام واجهة الموبايل (التعلم النقال) على نظامي Android & IOS، بالإضافة الى تنفيذ وأقلمة منصة مداد لإدارة التعلم والتدريب الإلكتروني على البيئة السحابية داخل المملكة العربية السعودية على نحو يتوافق مع متطلبات الأمن السيبراني. ويتولى فريق إدارة المشاريع بشركة نسيج بتوفير التدريب اللازم لمنسوبي جامعة بيشة، في مقر الجامعة أو عن بعد، بحيث يكون تدريبا شاملا لمدراء النظام والمستخدمين على كيفية استخدام كل وظيفة في النظام.
وعلاوة على ذلك يتضمن المشروع قيام نسيج، باستخدام خدمات تطوير محتوى التعلم الإلكتروني المخصص، لتخصيص محتوى المادة التدريبية التي تقدمها جامعة بيشة وتحويله إلى مقرر تدريبي، وذلك في صورة 13 مقطع فيديو، كل منها 1.5 دقيقة، باستخدام الرسوم المتحركة (الرسوم البيانية والرسوم المتحركة الرسومية)، و4 شاشات تفاعلية تعتمد على السحب والإفلات، و10 أسئلة كتقييمات نهائية. كما تلتزم نسيج بتطوير جميع المحتويات التفاعلية، مثل الأنشطة والاختبارات والتقييمات، بناءً على وظائف HTML5 ليتم تمكينها ودعمها بواسطة جميع الأجهزة وجميع الأنظمة الأساسية.
وتعليقاً على التعاون بين نسيج وجامعة بيشة قال المهندس عبد الله الطريفي، نائب رئيس شركة نسيج: “نفتخر بأن مشروع التعاون مع جامعة بيشة يواصل تحقيق استراتيجيتنا في دعم عملية التحول الرقمي في الجامعات والمؤسسات الأكاديمية بالمملكة العربية والسعودية والعالم العربي استناداً على خبرة نسيج الطويلة في مجال إنشاء وإدارة وتشغيل وصيانة أنظمة إدارة التعلم والتدريب “.
وأضاف المهندس عبد الله الطريفي أن: “منصة مداد للتعلم والتدريب الالكتروني التي نقدمها لجامعة بيشة هي من أهم الحلول التكنولوجية المتطورة التي نوفرها للمؤسسات الأكاديمية في منطقة الشرق الأوسط  بالإضافة خبرات نسيج في تطوير وتخصيص محتوى التعلم والتدريب الإلكتروني بالمؤسسات الأكاديمية عبر استخدام العناصر التفاعلية الحديثة بما يحقق أهداف جامعة بيشة  في دعم مدراء النظام، والمدربين، فضلاً عن دعم قدرة المتدربين على الاستيعاب وحفظ المعلومات.”
–انتهى—
نبذة عن جامعة بيشة:
أُنشئت جامعة بيشة عام 1435هـ لتضم 15 كلية علمية في محافظات بيشة، وبلقرن، والنماص، وتثليث مستهدفةً تسخير كل إمكانياتها البشرية والمادية للقيام بدورها في التنمية ولتسهم في إعداد الكوادر علمياً وأكاديمياً وتهيئتهم لسوق العمل، وتلبية الاحتياجات التنموية الوطنية المستدامة، والمساهمة في بناء منظومة مجتمع معرفي مبدع بالمملكة، وتوضيح الدور العلمي والأكاديمي الذي تقوم به عبر بيئة تعليمية محفزة تتكامل من خلالها الكوادر الأكاديمية المميزة والتجهيزات العلمية والمناهج المعرفية الحديثة. وتتمثل رسالة الجامعة في بناء مجتمع معرفي تنافسي، من خلال بيئة تعليمية متطورة، وبحوث علمية، ومبادرات وشراكات مجتمعية فاعلة، بينما تتلخص رؤيتها في إنشاء منظومة معرفية ابداعية لمجتمع منتج.
نبذة عن نسيج:
اكتسبت شركة نسيج، منذ عام 1989، ثقة مئات العملاء الكبار، مثل المؤسسة العامة للتدريب التقني والمهني، مكتبة محمد بن راشد، جامعة الأميرة نورة بنت عبد الرحمن، STC، جامعة الكويت، وزارة التجارة والاستثمار، وغيرها من الشركات والجامعات والمؤسسات الاكاديمية. وعلاوةً على ذلك دخلت نسيج عبر هذه السنوات في شراكات مع مؤسسات كبيرة، وغيرها من كبريات الشركات العالمية. ويأتي على رأس المنتجات والخدمات التكنولوجية التي تقدمها نسيج منصات مداد السحابية، التي صممتها الشركة لتمكين المؤسسات الأكاديمية، والهيئات الحكومية، والشركات التجارية من التنسيق بين عملياتها الاكاديمية والإدارية والتدريبية، بالإضافة إلى تمكينها من تسريع مسيرة التحول الرقمي المستند إلى الابتكار المؤسسي. وتحت مظلة منصة مداد السحابية توفر نسيج حزمة كبيرة من الحلول التكنولوجية التي أحدثت تطوراً كبيراً في منهجيات عمل التعليم والتَعَلَم، ومن بينها منصة مداد للتعلم والتدريب الإلكتروني وهي منصة تعلم متكاملة توفر للمؤسسة التعليمية بيئة شاملة لتقديم برامج التعليم الإلكتروني والمدمجة على الإنترنت لجميع الطلاب، كما توفر حزمة فريدة تجمع بين أهم الأدوات للتعليم العالي مع أعلى مستويات الأمن والحماية وتوفير التكاليف مع الموثوقية التي تضمن تشغيل الأنظمة في ساعات الذروة.
"
https://www.naseej.com/ar/%d8%ba%d9%8a%d8%b1-%d9%85%d8%b5%d9%86%d9%81/2023/09/the-american-university-of-kuwait-chooses-medad-institutional-effectiveness-platform-from-naseej/,الجامعة الأمريكية في الكويت تختار منصة مداد للفاعلية المؤسسية من نسيج,"سبتمبر 7, 2023","الرياض، المملكة العربية السعودية – .. سبتمبر 2023
اختارت الجامعة الأمريكية في الكويت شركة نسيج – الرائدة في تقديم حلول وخدمات المعرفة بالشرق الأوسط – لتزويدها بمنصة مداد للفاعلية المؤسسية لتساعدها على تطوير الأداء المؤسسي، وتعزيز الفاعلية الأكاديمية، وتسخير القوى الكامنة  في البيانات والتحليل، بما يمكنها من مواصلة دورها الكبير كجامعة رائدة معروفة على الأصعدة المحلية والإقليمية والدولية بتميزها المؤسسي، وجودتها الأكاديمية، وبالإنجازات التي يقدمها الخريجون.
وتجدر الإشارة إلى أن منصة مداد للفاعلية المؤسسية هي منصة سحابية شاملة تلبي احتياجات مؤسسات التعليم العالي من خلال جمع وظائف الفاعلية المؤسسية  من التخطيط الاستراتيجي، تقويم مخرجات التعلم، الاعتماد الأكاديمي والامتثال، مراجعة البرامج، وإدارة البيانات التقارير  في منصة واحدة متكاملة.
وسوف توفر منصةُ مداد للفاعلية المؤسسية للجامعة الأمريكية في الكويت طائفةً واسعة من المزايا أبرزها توفير إطار فعال للتشغيل المؤسسي يتضمن عمليةَ مستمرة ومنهجية ومتجاوبة لقياس أداء المؤسسة مقارنةً برسالتها وأهدافها وأولوياتها، بالإضافة الى إمكانية تقييم جودة البرامج، والوفاء بمتطلبات الاعتماد، وتحسين تَعَلُم الطلبة عبر جمع البيانات المتكاملة، والتقييم والتقويم، وذلك على مستوى الدورة والمنهج الدراسي.
وبموجب اتفاقية الشراكة تزود نسيج الجامعة الامريكية في الكويت بباقة من الحلول التكنولوجية تندرج تحت مظلة منصة مداد للفاعلية المؤسسية، وهي: التخطيط الاستراتيجي، تقويم مخرجات التعلم، الاعتماد الأكاديمي.
1-التخطيط الاستراتيجي: نظام مداد للتخطيط الاستراتيجي يوفر منهجاً مُستَداماً للتخطيط يتولى إنشاء العلاقات، وتنظيم عمل المؤسسة، كما يؤكد على استمرارية عملية التغيير المؤسسي من خلال القدرة على رصد ومتابعة التقدم، وقياس الإنجازات.
2-تقويم مخرجات التعلم: من أجل تحقيق تعليم يستند إلى المُخرجات بهدف تحسين مستويات نجاح الطلبة، فضلاً عن تطوير التدريس والتعلم. كونها عنصراً أساسياً من عناصر الممارسات التعليمية المُثلى، تعمل منصة مداد للفاعلية المؤسسية على تيسير جمع، وتحليل، واستخدام المعلومات الآتية من مختلف المصادر بهدف تحسين تعلم الطلبة، فضلاً عن اتخاذ قرارات مستنيرة واستراتيجية تستند إلى الأدلة من أجل التحسين المنهجي والمستمر.
3-إدارة الاعتماد الأكاديمي: منصة مداد للفاعلية المؤسسية تُبَسِط عملية إدارة الاعتماد وتنظمها بطريقة توفر للجامعة أداة فعالة لإدارة معايير الاعتماد ومتطلباته. وتوفر المنصةُ اطاراً يعكس مختلف مراحل عملية الاعتماد – بدءاً بالتخطيط، ومروراً بكتابة الردود، والتحليل، وتوجيه الموافقة على الرد من قِبَل مختلف الأطراف داخل المؤسسة، متبوعاً بخطط العمل الرامية للتحسين والتطوير. وعلاوة على ذلك، يؤدي إدارةُ سير العمل بعملية الاعتماد آلياً إلى انشاء بيئة تعاونية تنظم إدارة سير العمل الخاص بطلبات الاعتماد بما يتفق مع متطلبات واشتراطات هيئات الاعتماد المحلية والدولية، وذلك باستخدام أداة  فعالة لإعداد التقارير تتولى إعداد مختلف أنواع تقارير الدراسة الذاتية.
وتعليقاً على المشروع قال المهندس عبد الله الطريفي، نائب رئيس شركة نسيج ان “الاتفاقية مع الجامعة الأمريكية في الكويت تؤكد مجدداً على موقف نسيج الثابت كشريك فعلي لعملائها في قطاع التعليم العالي بالمملكة ومنطقة الشرق الأوسط والخليج العربي، حيث نزود هذه المؤسسات بالحلول التكنولوجية المتطورة التي تمكنها من ضمان تقديم جودة تعليم عالية مع التحسين المستمر، وتحقيق الامتثال، والحصول على الاعتمادات، واتخاذ القرارات المستندة الى البيانات، فضلاَ عن رفع مستوى نجاح الطلاب وإعداد الخريجين لمستقبلهم الوظيفي”.
–انتهى-
 نبذة عن الجامعة الامريكية في الكويت
تأسست الجامعة الأمريكية في الكويت عام 2003 كمؤسسة تعليم عالي للفنون الحرة مستقلة، وخاصة، ومختلطة، وتحقق الفرص المتكافئة للجميع. وقد روعي أن يكون الهيكل التعليمي والثقافي والإداري للجامعة، وأساليب ومعايير العمل فيها، مرتكزاً على نموذج التعلم العالي الأمريكي، وأن تكون الدراسة باللغة الإنجليزية. ولا تهدف منظومة تعليم الفنون الحرة بالجامعة الى ارشاد الطلبة الى تحقيق أهدافهم التعليمية فحسب، بل ترمي أيضاً الى غرس مهارات التفكير النقدي فيهم ليطبقوها في حياتهم العملية المستقبلية في المجالات التي يختارونها. ولقد صممت الجامعةُ مقرراتِها الدراسية بحيث تعد الطلبة للتعاطي مع عالمنا المعاصر الذي أصبح فيه التفكير النقدي، ومهارات التواصل، والتعلم المستمر مدى الحياة، من الضروريات الأساسية.
نبذة عن نسيج:
اكتسبت شركة نسيج، منذ عام 1989، ثقة مئات العملاء الكبار، مثل المؤسسة العامة للتدريب التقني والمهني، مكتبة محمد بن راشد، جامعة الأميرة نورة بنت عبد الرحمن، STC، جامعة الكويت، وزارة التجارة والاستثمار، وغيرها من الشركات والجامعات والمؤسسات الاكاديمية. وعلاوةً على ذلك دخلت نسيج عبر هذه السنوات في شراكات مع مؤسسات كبيرة عالمية. ويأتي على رأس المنتجات والخدمات التكنولوجية التي تقدمها نسيج منصات مداد السحابية، التي صممتها الشركة لتمكين المؤسسات الأكاديمية، والهيئات الحكومية، والشركات التجارية من التنسيق بين عملياتها الاكاديمية والإدارية والتدريبية، بالإضافة إلى تمكينها من تسريع مسيرة التحول الرقمي المستند إلى الابتكار المؤسسي. وتحت مظلة منصة مداد السحابية توفر نسيج حزمة كبيرة من الحلول التكنولوجية التي أحدثت تطوراً كبيراً في منهجيات عمل التعليم والتَعَلَم، ومن بينها منصة مداد للتعلم والتدريب الإلكتروني وهي منصة تعلم متكاملة توفر للمؤسسة التعليمية بيئة شاملة لتقديم برامج التعليم الإلكتروني والمدمجة على الإنترنت لجميع الطلاب، كما توفر حزمة فريدة تجمع بين أهم الأدوات للتعليم العالي مع أعلى مستويات الأمن والحماية وتوفير التكاليف مع الموثوقية التي تضمن تشغيل الأنظمة في ساعات الذروة.
"
https://www.naseej.com/ar/news-ar/2023/08/naseej-for-technology-silver-sponsor-of-itx-2023/,نسيج للتقنية راعياً فضياً لاحتفالية تكريم الفائزين بجائزة جامعة الملك خالد للتحول الرقمي,"أغسطس 24, 2023","أبها، المملكة العربية السعودية – .. أغسطس 2023
في إطار جهودها المستمرة لدعم مسيرة التحول الرقمي بالمؤسسات التعليمية في المملكة العربية السعودية ومنطقة الشرق الأوسط، تعلن شركة نسيج – الرائدة في تقديم حلول وخدمات المعرفة في الشرق الأوسط – عن مشاركتها، كراع ٍ فضي، في الاحتفالية المُخَصَصَة لتكريم الفائزين بجائزة جامعة الملك خالد للتحول الرقمي، والاحتفال بإنجازات الإدارة العامة لتقنية المعلومات 2022 – 2023، وتدشين العديد من الخدمات الالكترونية النوعية.
ويتولى تنظيم الحفل الإدارةُ العامة لتقنية المعلومات بجامعة الملك خالد يوم الثالث عشر من سبتمبر 2023 بحرم جامعة الملك خالد بالقرعاء. وتهدف الاحتفالية إلى تعزيز ثقافة التحول الرقمي وتسريع عجلة التحول في جامعة الملك خالد من خلال تحفيز جهات الجامعة المختلفة للمشاركة في الجوائز الرقمية، وتشجيع فريق الإدارة العامة لتقنية المعلومات على مواصلة النجاحات والإنجازات، ورفع معدل الشراكات المجتمعية التطوعية الداعمة للجامعة لمحو الأمية الرقمية لمشاركة منسوبيها في المعسكرات الرقمية، والعمل على إيجاد المزيد من التعاون والاتفاقيات مع الشركات الرقمية لخلق مدينة جامعية ذكية رقمياً. 
وتجدر الإشارة الى أن احتفالية تكريم الفائزين بجائزة جامعة الملك خالد للتحول الرقمي تركز على أربعة محاور هي: تكريم الفائزين بجامعة الملك خالد للتحول الرقمي، عرض إنجازات الإدارة العامة لتقنية المعلومات، تدشين مجموعة من الخدمات الالكترونية، الإعلان عن معسكر رقمي في التقنيات الناشئة.
وتشارك نسيج بجناح في المعرض المصاحب للحفل، حيث ستعرض الشركة باقة من الحلول والخدمات التقنية في مجالات التعلم الإلكتروني، وخدمات المعرفة، وعلى رأسها منصة مداد للفاعلية المؤسسية، منصة مداد لإدارة التعلم، منصة مداد لإدارة التدريب، منصة مداد لإدارة الحرم الجامعي، مداد لمراقبة الاختبارات الإلكترونية، “إتقان” المُعَلَم الافتراضي من مداد، خدمة كويسشن مارك، حلول باركو ويكونيكت، وخدمات تطوير محتوى التعلم الإلكتروني المخصص وغيرها من الحلول والخدمات:

منصة مداد للفاعلية المؤسسية: وهي منصة تسخر التكنولوجيا لدعم الأداء المؤسسي والجودة والكفاءة، وهي تلبي احتياجات مؤسسات التعليم العالي من خلال جمع وظائف الفاعلية المؤسسية − التخطيط الاستراتيجي، تقويم مخرجات التعلم، الاعتماد الأكاديمي، مراجعة البرامج، التقارير − في منصة واحدة متكاملة.
 منصة مداد لإدارة التعلم: هي منصة تعلم متكاملة توفر للمؤسسة التعليمية بيئة شاملة لتقديم برامج التعليم الإلكتروني والمدمجة على الإنترنت لجميع الطلاب. توفر حزمة فريدة تجمع بين أهم الأدوات للتعليم العالي مع أعلى مستويات الأمن والحماية حيث توفر نظام التعلم الإلكتروني أو بيئة التعلم، مستودع الوحدات التعليمية، إدارة انجازات الطلبة، الفصول الافتراضية، التقارير والتحليل، والتعلم النقال.
منصة مداد لإدارة التدريب: وهي مركز شامل ومتكامل لعمليات تدريب الموظفين يوفر للشركات التجارية والهيئات الحكومية والمؤسسات المهنية ومؤسسات التعليم العالي حلولاً سحابية متطورة في مجالي التدريب والإدارة تساعدها على تحسين أماكن عمل الموظفين وتطوير عمليات تدريب الموظفين تطويراً شاملاً. وهي تشتمل على عددٍ من الخصائص الأساسية: إدارة البرامج التدريبية، الوحدات والأنشطة التدريبية، نظام التحليل المتطور، عمليات التقييم واستطلاعات الرأي، الفوترة والتسجيل عبر الإنترنت، ادارة التوثيق، والفصل الافتراضي.
منصة مداد لإدارة الحرم الجامعي: هي مجموعة شاملة من حلول الإدارة الأكاديمية تضمن للمؤسسة التعليمية تحقيق أعلى عائد عبر زيادة معدل نجاح الطلاب. وفي هذا الإطار توفر للجامعات والمؤسسات الأكاديمية في المنطقة باقة من الحلول المتطورة والمتكاملة التي تمكنها من إدارة عملياتها بكفاءة على نحو لا يقتصر على الامتياز التشغيلي فحسب، ولكن يسهم أيضاً بشكل فعال في إنجاز الهدف الرئيسي الذي من أجله أُنشئِت الجامعات، ألا وهو نجاح الطلاب.
 مراقبة الاختبارات من مداد: هو حلٌ يستند إلى تقنية الذكاء الاصطناعي يتيح للمؤسسات وسائل حديثة لتحسين وتأمين الاختبارات التي تجريها عبر الإنترنت، ويضمن تحليلِ وتقييم مشاركة المُتَعَلِم بشكل فوري بما يضمن للمستخدمين تجربةً سلسةً في التَعَلُم وأداء الاختبارات عن بُعـد بمنتهى الثقة والطمأنينة، كما يضمن موثوقية ونزاهة الاختبارات التي تُعقَد على شبكة الإنترنت عَبرَ التحقق من هويات المُمتَحِنين، وإغلاق متصفحات الإنترنت، الى جانب رصد سلوكيات الممتحن أثناء أداء الاختبار عن بعد.
“إتقان” المُعَلَم الافتراضي من مداد: حل مبني على الذكاء الاصطناعي، يقدم دعماً شاملاً للمُتَعَلِمين، بدءاً بالمقاطع المرئية التعليمية التي تستند على احتياجاتهم وتلبيتها، وانتهاءً بالدروس الخصوصية، مُتَبِعاً في ذلك أساليب تَعَلُم مختلفة ومحققاً أهداف متعددة. ويمكن للمُعَلَم الافتراضي من مداد أن يستخدم المحتوى المُخَصَص والأدوات التفاعلية لتحسين تجارب التَعَلُم للمستخدمين في كافة المراحل والمستويات.
خدمة كويسشن مارك: هي منصة آمنة للتقييم على مستوى المؤسسات تعين الشركات والموظفين على إطلاق العنان لإمكاناتهم من أجل تحسين مستوى الأداء. وتمكن هذه الخدمة المؤسسات والأفراد من تعظيم الأداء وتلبية متطلبات الالتزام وذلك من خلال توفير تقييمات آمنة على شبكة الانترنت بطريقة تحسن نتائج التدريب والتطوير.
خدمة باركو ويكونيكت: منصة تَعَلُمٍ عبر شبكة الإنترنت ترتكز في المقام الأول على تلبية احتياجات المُتَعَلِم والمُعَلِم كليهما، مستهدفةً تطوير استراتيجيات التدريس والتدريب في المؤسسات والشركات عبر دعم التَعَلُم التفاعلي، والروابط الهادفة، والنتائج المستندة الى البيانات على نحو يوفر تجاربَ تعليمٍ وتدريبٍ ناجحةً وجذابة وتركز على التفاعل مع المستخدم.
 خدمات تطوير محتوى التعلم الإلكتروني المخصص: هي خدمات تتيح للمؤسسة إمكانية تخصيص المحتوى التعليمي الذي تقدمه للموظفين والمتدربين والطلاب بما يحقق هدفها في رفع مهارات القوى العاملة وتعزيز الإنتاجية، وهي خدمة توفرها نسيج للعملاء من خلالها فريقَ عمل يساعدهم في تخطيط وتحرير وتصميم محتوى تعلمٍ إلكتروني موثوق وهادف وثري يشتمل على مختلف الوسائل المساعدة من سيناريوهات التعلم، وفيديوهات، ورسوم متحركة، وعناصر تفاعلية، وتطبيقات المحاكاة التفاعلية، وآليات الألعاب بما يدعم قدرة الطلاب على الاستيعاب وحفظ المعلومات.

وتعليقاً على رعاية نسيج للحفل قال المهندس عبد الله الطريفي، نائب رئيس شركة نسيج: “رعايتنا للاحتفالية التي تقيمها جامعة الملك خالد لتكريم الفائزين بجائزة جامعة الملك خالد للتحول الرقمي تأتي في سياق دعمنا المستمر للفعاليات والجوائز التي يتم تنظيمها في إطار قطاع التعليم بالمملكة العربية السعودية وذلك بهدف دعم مسيرة التحول الرقمي على نحو يحقق رؤية الوطن ويسهم في بناء المواطن السعودي ومهاراته في العالم الرقمي الذي تعيشه المملكة والمنطقة والعالم بأسره، علماً بأن هذا الهدف يمثل حجر الزاوية في رسالة نسيج وتوجهها الحالي والمستقبلي”.
واستطرد نائب رئيس شركة نسيج قائلاً: “وعلى وجه الخصوص نفتخر، في نسيج، برعاية احتفالية تكريم الفائزين بجائزة الملك خالد للتحول الرقمي لأنها تركز على ثلاثة مجالات، هي بعينها الركائز الرئيسية لرؤية نسيج المستقبلية التي تتطلع الى تسخير التكنولوجيا لخدمة القطاع الاكاديمي والبحثي ناهيك عن خدمة المستخدمين والمجتمع بأسره. وهذه المجالات هي إثراء المحتوى الرقمي، دعم التحول الرقمي، الأفكار الإبداعية، فضلاً عن أن هذه الجائزة تستهدف تحفيز كافة الاطراف لدعم عملية التحول الرقمي من خلال تقديم خدمات رقمية أكثر كفاءة وفعالية تحقق رضا المستفيدين وتحسن جودة الحياة وفقا لمستهدفات رؤية المملكة 2030”.
–انتهى–
نبذة عن جامعة الملك خالد
أُنشئت جامعة الملك خالد يوم الثلاثاء ٩\١\١٤١٩هـ، وتتمثل رؤيتها في أن تصبح جامعة رائدة عالمياً في بناء الإنسان وتنمية المكان وتعزيز الاقتصاد، بينما تتمثل رسالتها في بناء بيئة أكاديمية محفزة لإنتاج المعرفة وتطبيقها، والبحث والابتكار، وتعزيز المسؤولية المجتمعية، والإسهام في تحقيق التنمية المستدامة بالاستثمار الأمثل لقدراتنا ومواردنا. وتتلخص الأهداف الاستراتيجية لجامعة الملك خالد في تحسين مخرجات التعليم والتعلم بما يلائم متطلبات سوق العمل والتنمية المستدامة، تعزيز البحث والابتكار لتلبية الاحتياجات المجتمعية والاقتصادية، تعزيز المسؤولية المجتمعية والعمل التطوعي، تحسين جودة الحياة الجامعية، تحقيق التمّيز المؤسسي، تنويع وتنمية مصادر الإيرادات واستدامتها.
نبذة عن نسيج:
اكتسبت شركة نسيج، منذ عام 1989، ثقة مئات العملاء الكبار، مثل المؤسسة العامة للتدريب التقني والمهني، مكتبة محمد بن راشد، جامعة الأميرة نورة بنت عبد الرحمن، STC، جامعة الكويت، وزارة التجارة والاستثمار، وغيرها من الشركات والجامعات والمؤسسات الاكاديمية. وعلاوةً على ذلك دخلت نسيج عبر هذه السنوات في شراكات مع مؤسسات وكبريات الشركات العالمية.
ويأتي على رأس المنتجات والخدمات التكنولوجية التي تقدمها نسيج منصات مداد السحابية، التي صممتها الشركة لتمكين المؤسسات الأكاديمية، والهيئات الحكومية، والشركات التجارية من التنسيق بين عملياتها الاكاديمية والإدارية والتدريبية، بالإضافة إلى تمكينها من تسريع مسيرة التحول الرقمي المستند إلى الابتكار المؤسسي. وتحت مظلة منصة مداد السحابية توفر نسيج حزمة كبيرة من الحلول التكنولوجية التي أحدثت تطوراً كبيراً في منهجيات عمل التعليم والتَعَلَم، ومن بينها منصة مداد للتعلم والتدريب الإلكتروني وهي منصة تعلم متكاملة توفر للمؤسسة التعليمية بيئة شاملة لتقديم برامج التعليم الإلكتروني والمدمجة على الإنترنت لجميع الطلاب، كما توفر حزمة فريدة تجمع بين أهم الأدوات للتعليم العالي مع أعلى مستويات الأمن والحماية وتوفير التكاليف مع الموثوقية التي تضمن تشغيل الأنظمة في ساعات الذروة.
"
https://www.naseej.com/ar/%d8%ba%d9%8a%d8%b1-%d9%85%d8%b5%d9%86%d9%81/2023/08/naseej-for-technology-launches-a-full-suite-of-enterprise-data-management-solutions/,نسيج للتقنية تطلق باقة متكاملة لحلول إدارة البيانات القائم على الذكاء الإصطناعي,"أغسطس 29, 2023","الرياض − أغسطس 2023
في إطار سعيها الدائم لتمكين المؤسسات في المملكة العربية السعودية ومنطقة الشرق الأوسط، ودعم ثقافة التحول الرقمي في بيئة الأعمال التنافسية، يسر شركة نسيج – الرائدة في تقديم حلول وخدمات المعرفة بالشرق الأوسط – أن تعلن عن إطلاق باقة جديدة متكاملة لحلول إدارة بيانات المؤسسة، والتي تتيح للمؤسسات والشركات كافة، أن تُعَظِم الاستفادة من إمكانات البيانات فضلاً عن تمكينها من الحصول على رؤى مفيدة واتخاذ قرارات تستند إلى البيانات، بالإضافة إلى اكتساب ميزات تنافسية في عالمنا الرقمي.
وتندرج حلول إدارة بيانات المؤسسة تحت مظلة الحلول الجديدة لعلم البيانات والتعلم الآلي من نسيج، اللذين يتبلور دورُهما حالياً بصورة متزايدة كاثنتين من أهم التقنيات الأساسية التي تتيح للمؤسسة أن تضع الرؤى والخطط القابلة للتنفيذ عبر الاستفادة من والاستناد على البيانات والتقارير والتحاليل بهدف الاسترشاد بها في عمليتي صنع القرار والتخطيط الاستراتيجي.
توفر نسيج الحلول الرئيسية لإدارة بيانات المؤسسة لتمكين المؤسسات من الامتثال لضوابط حوكمة البيانات وتعظيم الاستفادة من بياناتها بهدف التطور المستمر، من الحلول:

        تكامل واستيعاب البيانات: حلول استيعاب البيانات من نسيج تمكن المؤسسة من دمج، وتوحيد، واستيعاب البيانات من مصادر متعددة، بغض النظر عن نوعها، أو طبيعتها، أو حجمها، أو المتطلبات اللازمة لمعالجتها.
        جودة البيانات: حلول جودة البيانات من نسيج تساعد المؤسسة على تنفيذ عمليات ولوائح وسياسات فعالة لجودة البيانات – تشتمل على تنظيف البيانات وتدقيق البيانات، والتوحيد القياسي للبيانات، بما يضمن دقة وتجانس البيانات، وامتثالها للاشتراطات التنظيمية التي توفر للمؤسسة مصادر موحدة موثوقة للبيانات.
        تصنيف البيانات: حلول تصنيف البيانات من نسيج توفر للمؤسسة إمكانات وقدرات كبيرة فيما يتعلق باستكشاف البيانات آلياً، وتحليل سماتها مثل: المحتوى، والسياق، والبيانات الوصفية، وذلك بهدف تصنيف البيانات وفقاً لذلك، الأمر الذي يتيح للمؤسسة إمكانية تحديد أصول البيانات الأكثر أهمية وحساسية وترتيب أولوياتها، فضلاً عن تطبيق الإجراءات المناسب لتأمين البيانات، وسُبُل الوصول إليها، وضوابط استخدامها، بالإضافة إلى تحديد السياسات المتعلقة بحفظ البيانات والتخلص منها بشكل سليم.
        حوكمة البيانات: حلول حوكمة البيانات من نسيج تساعد المؤسسة على إنشاء وأتمتة أُطُر فعالة لحوكمة البيانات تغطي السياسات والإجراءات والضوابط التي تضمن الإدارة القويمة للبيانات، وسلامتها، واستخدامها داخل المؤسسة.
        مشاركة وتبادل البيانات: حلول مشاركة وتبادل البيانات من نسيج توفر آليات آمنة ومُنَظَمَة لتبادل البيانات بحيث تتيح للمؤسسة إمكانية التعاون ومشاركة البيانات مع الحفاظ على الخصوصية والامتثال.
        القابلية للتوسع والمرونة: توفر حلول نسيج إمكانات وقدرات لإدارة البيانات تتميز بأنها متطورة، وقابلة للتوسع، ومرنة، وقادرة على استيعاب أحجام وأصناف البيانات المتزايدة باستمرار.
        الامتثال التنظيمي: تمكن المؤسسة من التعامل مع مختلف الأُطُر التنظيمية المعقدة عبر تنفيذ ممارسات لإدارة البيانات تمتثل للوائح الخاصة بمجال أعمال، مثل مكتب إدارة البيانات الوطنية NDMO ، اللائحة العامة لحماية البيانات GDPR، قانون قابلية التأمين الصحي والمساءلة HIPAA، أو معيار أمن بيانات صناعة بطاقة الدفعة الإلكترونية PCI DSS، الأمر الذي يضمن خصوصية البيانات، والامتثال القانوني، كما يُحِد من  مخاطر تعرض المؤسسة لتوقيع الجزاءات أو الإضرار بسمعتها.

وتعليقاً على العروض الجديدة قال المهندس عبد الله الطريفي، نائب رئيس شركة نسيج: “يسرنا أن نطلق هذه الباقة من حلول علم البيانات والتعلم الآلي، والتي نأمل من خلالها أن نلبي مختلف احتياجات السوق في المملكة العربية السعودية ومنطقة الشرق الأوسط، حيث نسعى بصفة دائمة لتمكين المؤسسات والشركات، من مختلف الأنواع والأحجام وعبر معظم القطاعات الصناعية، من إدارة وتحسين الامتثال للمعايير واللوائح الخاصة بإدارة بيانات مجال الأعمال، بالإضافة إلى مساعدتهم على تعظيم الأداء والإنتاجية وتيسير قيامهم بتوفير الخدمات الإلكترونية”.
وأضاف نائب رئيس شركة نسيج قائلاً: “نفتخر بأن نطلق هذه الحلول التي تتيح لعملائنا إمكانية اتخاذ قرارات مستندة الى البيانات، وقياس الأداء، والتنبؤ بالمستقبل، وزيادة الكفاءة، وتقليل المخاطر والاحتيال، والتنبؤ بالنتائج والاتجاهات، بالإضافة الى اتاحة الفرصة لهم لتحقيق أعلى مستويات المساءلة والشفافية. وعلاوة على ذلك فإن هذه الباقة من عروض علم البيانات والتعلم الآلي سوف تسخر استخدام البيانات لتحسين الربحية والكفاءة التشغيلية لعملائنا، بالإضافة الى تحسين توقعات النمو في مؤسساتهم”.
–انتهى–
نبذة عن نسيج:
اكتسبت شركة نسيج، منذ عام 1989، ثقة مئات العملاء الكبار، مثل المؤسسة العامة للتدريب التقني والمهني، مكتبة محمد بن راشد، جامعة الأميرة نورة بنت عبد الرحمن، STC، جامعة الكويت، وزارة التجارة والاستثمار، وغيرها من الشركات والجامعات والمؤسسات الاكاديمية. وعلاوةً على ذلك دخلت نسيج عبر هذه السنوات في شراكات مع مؤسسات كبيرة مثلIEEE ، Bibliotheca ، BARCO ، VIVED ، SABA Cornerstone ، Zetcom ، D2L BRIGHTSPACE ، EXAM MASTER ، Questionmark ،Talend ،Cloudera  وغيرها من كبريات الشركات العالمية. ويأتي على رأس المنتجات والخدمات التكنولوجية التي تقدمها نسيج منصات مداد السحابية، التي صممتها الشركة لتمكين المؤسسات الأكاديمية، والهيئات الحكومية، والشركات التجارية من التنسيق بين عملياتها الاكاديمية والإدارية والتدريبية، بالإضافة إلى تمكينها من تسريع مسيرة التحول الرقمي المستند إلى الابتكار المؤسسي. وتحت مظلة منصة مداد السحابية توفر نسيج حزمة كبيرة من الحلول التكنولوجية التي أحدثت تطوراً كبيراً في منهجيات عمل التعليم والتَعَلَم، ومن بينها منصة مداد للتعلم والتدريب الإلكتروني وهي منصة تعلم متكاملة توفر للمؤسسة التعليمية بيئة شاملة لتقديم برامج التعليم الإلكتروني والمدمجة على الإنترنت لجميع الطلاب، كما توفر حزمة فريدة تجمع بين أهم الأدوات للتعليم العالي مع أعلى مستويات الأمن والحماية وتوفير التكاليف مع الموثوقية التي تضمن تشغيل الأنظمة في ساعات الذروة.

"
https://www.naseej.com/ar/%d8%ba%d9%8a%d8%b1-%d9%85%d8%b5%d9%86%d9%81/2023/10/naseej-for-technology-a-content-partner-for-the-digital-universities-mena-2023-at-prince-sultan-university-in-riyadh/,نسيج للتقنية راع كشريك محتوى لمؤتمر الجامعات الرقمية في الشرق الأوسط وشمال أفريقيا في جامعة الأمير سلطان بالرياض,"أكتوبر 4, 2023","نسيج للتقنية راع كشريك محتوى لمؤتمر الجامعات الرقمية في الشرق الأوسط وشمال أفريقيا في جامعة الأمير سلطان بالرياض

الرياض، المملكة العربية السعودية –أكتوبر 2023
في عالم يشهد تطورًا متميزًا في مجال التحول الرقمي، وانطلاقاً من سعينا إلى تحقيق التميز في مجال التعليم العالي، يسرنا أن نعلن أن نسيج للتقنية ستكون راعٍ شريك محتوى متميز في حدث الجامعات الرقمية المرتقب في منطقة الشرق الأوسط وشمال أفريقيا لعام 2023، وحيث سيتم تنظيم هذا الحدث الرائد في جامعة الأمير سلطان بالرياض خلال الفترة من 9 إلى 11 أكتوبر تحت عنوان “الابتكار من أجل مستقبل مستدام مدعوم بالتكنولوجيا”.
سيجتمع في هذا الحدث قادة التعليم وصناع السياسات وشركاء الصناعة لمناقشة كيفية تمكين الجامعات في منطقة الشرق الأوسط وشمال أفريقيا من تنفيذ عمليات التحول الرقمي والتدويل بطريقة تلبي متطلبات الطلاب والمجتمع، وتسهم في رفع مستوى التعليم العالي إلى طليعة الاقتصاد الرقمي.
يُعد موضوع الحدث “الابتكار من أجل مستقبل مستدام مدعوم بالتكنولوجيا” تحديًا مهمًا للمؤسسات التعليمية، وفي هذا السياق، أشار المهندس عبدالله الطريفي، نائب المدير التنفيذي لنسيج، إلى أهمية الابتكار والتميز في ميدان التعليم العالي، قائلاَ: ” نؤمن في نسيج للتقنية بأن التكنولوجيا يمكن أن تلعب دورًا حاسمًا في تعزيز أداء مؤسسات التعليم العالي ونجاح الطلاب. ونحن ملتزمون بتقديم حلول تعليمية مبتكرة تسهم في بناء مستقبل مستدام ومدعوم بالتكنولوجيا للمؤسسات التعليمية، كما أننا على ثقة ان مشاركة نسيج في هذا الحدث تمثل فرصة هامة لتعزيز التعليم الرقمي وتحفيز التفكير المبتكر في قطاع التعليم العالي. نحن نتطلع بشغف للمساهمة في تحقيق هذا الهدف وتقديم أفضل الحلول التكنولوجية لمؤسسات التعليم العالي في المنطقة.”
 كما أوضح السيد الطريفي أن رعاية نسيج لهذا الحدث كشريك للمحتوى هي تأكيد على التزامها بتعزيز أجندة التحول الرقمي في مؤسسات التعليم العالي والسعي لتسليط الضوء على الدور الذي تلعبه نسيج في قطاع التعليم العالي وحرصها على توفير أفضل الحلول ومشاركة الخبرات. وفي هذا الإطار سوف يقدم الدكتور علاء الشرعة جلسة تفاعلية خاصة بعنوان “الابتكارات في مراجعة البرامج الأكاديمية: الأساليب المعززة بالتكنولوجيا لضمان التميز الأكاديمي ونجاح الطلاب“، يوم الأربعاء 11 أكتوبر، من الساعة 11:45 صباحًا حتى 12:15 ظهرًا.
يعتبر هذا اللقاء فرصة مهمة لفهم كيف يمكن للتكنولوجيا أن تساهم في تحسين البرامج التعليمية وضمان تميز الطلاب ونجاحهم. ستستعرض هذه الجلسة أحدث الاستراتيجيات وأفضل الممارسات في مراجعة البرامج التعليمية التي تستفيد من التكنولوجيا لتحقيق التميز الأكاديمي وتحسين تحصيل الطلاب. النقاش سيتضمن موضوعات مثل كيفية استخدام التكنولوجيا في جمع وتحليل البيانات المتعلقة بفعالية البرامج وأداء الطلاب ونتائج التعلم. سيتم أيضًا التطرق إلى كيفية تحسين البرامج التعليمية بحيث تتماشى مع احتياجات الطلاب المتطورة وكيفية تعزيز التعاون بين الجامعات لتبادل الخبرات والأفكار في هذا السياق.
وباعتبار الشركة رائدة في مجال توفير حلول التحول الرقمي في قطاع التعليم العالي، يسرنا أن نستعرض حلول نسيج المبتكرة التي تشمل منصات مداد السحابية لإدارة التعليم والتدريب، إدارة الفاعلية المؤسسية، وإدارة الحرم الجامعي.
نتطلع إلى الترحيب بكم في جناحنا حيث يمكنكم اكتشاف حلول نسيج للتحول الرقمي وبناء نظام بيئي تعليمي مستدام للمستقبل. سيكون فريق الخبراء لدينا جاهزًا لتقديم عروض توضيحية مخصصة والإجابة على أي استفسارات قد تكون لديكم. بفضل تقنياتنا المتطورة، ستتمكنون من استكشاف مجموعتنا الشاملة من الحلول واستعراض كيف يمكن لنسيج تمكين رحلتكم الرقمية وتحقيق أهدافكم. بالإضافة إلى ذلك، يمكنكم الانضمام إلى محادثات هادفة مع فريقنا من الخبراء ذوي الخبرة العميقة في صناعة التعليم العالي للحصول على رؤى قيمة حول أحدث التطورات وأفضل الممارسات والتقنيات الناشئة في هذا المجال.
ويعتبر هذا الحدث منصة للتواصل مع المهنيين الآخرين وقادة الصناعة واتخاذ خطوات لتعزيز التعاون وتحقيق التحول في مؤسستكم من خلال عروض توضيحية حية لمنتجاتنا الرقمية، حيث يمكنكم رؤية كيفية تبسيط العمليات وتعزيز تجربة التعليم والتعلم وتحسين الفاعلية المؤسسية الشاملة من خلال منصاتنا.
وأخيرًا، من الجدير بالذكر، أن مشاركة نسيج في هذا الحدث تمثل خطوة مهمة نحو تعزيز التعليم الرقمي والابتكار في القطاع، وتعكس التفاني والالتزام الدائمين للشركة في دعم التعليم العالي وتقديم الحلول التكنولوجية المتطورة. كما يجدر بالذكر أن معرض الجامعات الرقمية في الشرق الأوسط وشمال أفريقيا 2023 منصة لا مثيل لها لمحترفي الصناعة والمعلمين وعشاق التكنولوجيا لجمع وتبادل المعرفة وتشكيل مستقبل التعليم العالي.
 
نبذة عن جامعة الأمير سلطان:
جامعة الأمير سلطان – PSU – هي جامعة خاصة في الرياض بالمملكة العربية السعودية تأسس المعهد عام 1998، وهو أول معهد خاص في المملكة العربية السعودية، وقد سمي على اسم وزير الدفاع آنذاك الأمير سلطان بن عبد العزيز، الذي شغل فيما بعد منصب ولي عهد المملكة العربية السعودية من عام 2005 حتى وفاته في عام 2011. في البداية، كان تأسست كلية الأمير سلطان الخاصة في عام 1998 من قبل جمعية الرياض الخيرية للعلوم وحصلت على المركز الجامعي في عام 2003. وتقدم الجامعة العديد من درجات البكالوريوس والماجستير في مختلف المجالات التجارية والتقنية والعلوم الإنسانية.
 
نبذة عن نسيج:
اكتسبت شركة نسيج، منذ عام 1989، ثقة مئات العملاء الكبار، مثل المؤسسة العامة للتدريب التقني والمهني، مكتبة محمد بن راشد، جامعة الأميرة نورة بنت عبد الرحمن، STC، جامعة الكويت، وزارة التجارة والاستثمار، وغيرها من الشركات والجامعات والمؤسسات الاكاديمية. ويأتي على رأس المنتجات والخدمات التكنولوجية التي تقدمها نسيج منصات مداد السحابية، التي صممتها الشركة لتمكين المؤسسات الأكاديمية، والهيئات الحكومية، والشركات التجارية من التنسيق بين عملياتها الاكاديمية والإدارية والتدريبية، بالإضافة إلى تمكينها من تسريع مسيرة التحول الرقمي المستند إلى الابتكار المؤسسي. وتحت مظلة منصة مداد السحابية توفر نسيج حزمة كبيرة من الحلول التكنولوجية التي أحدثت تطوراً كبيراً في منهجيات عمل التعليم والتَعَلَم، ومن بينها منصة مداد للتعلم والتدريب الإلكتروني وهي منصة تعلم متكاملة توفر للمؤسسة التعليمية بيئة شاملة لتقديم برامج التعليم الإلكتروني والمدمجة على الإنترنت لجميع الطلاب، كما توفر حزمة فريدة تجمع بين أهم الأدوات للتعليم العالي مع أعلى مستويات الأمن والحماية وتوفير التكاليف.
"
https://www.naseej.com/ar/%d8%ba%d9%8a%d8%b1-%d9%85%d8%b5%d9%86%d9%81/2023/10/naseej-participated-in-the-international-council-on-archives-ica-abu-dhabi-congress-2023/,نسيج شاركت في كونجرس المجلس الدولي للأرشيف 2023   أبو ظبي ─ الإمارات العربية المتحدة,"أكتوبر 12, 2023","
أبو ظبي، الإمارات العربية المتحدة ─  أكتوبر 2023 
انطلاقاً من سعيها المتواصل لتحقيق التحول الرقمي في القطاع الثقافي ، شاركت نسيج ─ الشركة الرائدة في حلول التحول الرقمي وإدارة المعرفة ─ في كونجرس المجلس الدولي للأرشيف الذي انعقد في أبو ظبي، بدولة الإمارات العربية المتحدة، في الفترة من 9 إلى 13 أكتوبر 2023 تحت شعار “إثراء مجتمعات المعرفة”، انعقدت فعاليات كونجرس المجلس الدولي للأرشيف ─ أبو ظبي 2023، الذي يستضيفه الأرشيف والمكتبة الوطنية، حيث وفرت فرصة كبيرة لقطاع الأرشيف العالمي لمشاركة الأفكار المبتكرة والبحوث، فضلاً عن إتاحة المجال أمام الزملاء من التخصصات ذات الصلة والمرتبطة بالقطاع للانضمام إلى المناقشات التي شهدتها هذه الفعالية الرائدة. 
 
  
وتحت عنوان  “دور حوكمة المعلومات والسجلات الأرشيفية (IRG) في الحفاظ على الذاكرة الجماعية الوطنية: تطبيقات على الأرشيفات الوطنية العربية”، شاركت نسيج في المؤتمر بعرض بحث قدمه الدكتور / محمود مسروة، استشاري الحلول المعرفية ركزت على خمسة محاور أساسية هي: إشكالية البيئة الرقمية في الأرشيفات الوطنية (المنهجيات الجديدة للتعامل مع البيئة الرقمية وإدارة الوثائق الإلكترونية والمطبوعة)، الأرشيفات الوطنية بين الغاية التاريخية والغاية الإدارية وتأثير نظرية الأعمار الثلاثة في فلسفة علم الأرشيف الحديث، ضرورة استحداث أطر جديدة للتعامل مع الواقع الرقمي في الأرشيفات الوطنية، تطوير مقترح لإطار حوكمة المعلومات والسجلات في الأرشيفات الوطنية، وتطبيقات عملية لإطار حوكمة المعلومات والسجلات المُقتَرَح على الأرشيفات الوطنية العربية. 
  
وعرضت نسيج من خلال المؤتمر أحدث التوجهات في مجال إدارة الوثائق والمحفوظات، والمتمثل في إطار منهجية حوكمة المعلومات والسجلات ─ وهي المنهجية المُعَتَمَدَة حالياً بكافة المنظمات (عامة وخاصة، كبيرة وصغيرة)، مستهدفةً التحكم في الذاكرة المؤسسية لتلك المنظمات، التي تتخذ أشكالاً وأنماطاً مختلفة ومتعددة، سواء ما يتم إنتاجه رقمياً، أو ما يتم تحويله إلى الشكل الرقمي، أو ما هو موجود على الشكل الورقي وفي الأوعية الأخرى، الأمر الذي ينعكس بدوره على الذاكرة الوطنية. 
  
كما حرصت نسيج في مداخلتُها خلال المؤتمر التنويه على التوجهَ المتنامي لهذه الموضوعات الهامة في المنطقة،  وأن تسايرَ سعيَ الأجهزة الحكومية إلى إيجاد أُطُر علمية وممارسات مُحكَمة للتحكم في البيانات والمعلومات، سواء المنتجة داخلياً أو المُستَلَمَة خارجياً، وذلك تفهماً من نسيج لضرورة امتثال الشركات والأجهزة الحكومية للأدلة والمعايير والسياسات والممارسات المنبثقة من عدة هيئات سعودية، خاصة الهيئة السعودية للبيانات والذكاء الاصطناعي، في هذا الصدد، ، وايماناً من الشركة بأن هذا المجال يمثل سوقاً واعدةً في المنطقة. 
  
  
 
"
https://www.naseej.com/ar/news-ar/2023/11/the-national-elearning-centre-chose-naseej-to-enhance-educational-governance-and-foster-excellence-in-elearning/,المركز الوطني للتعليم الإلكتروني يختار نسيج لتطوير وتأسيس الحوكمة في قطاع التعليم والتدريب الإلكتروني,"نوفمبر 1, 2023","الرياض، المملكة العربية السعودية ─ .. أكتوبر 2023
في خطوة تهدف إلى تعزيز جودة التعليم والتدريب الإلكتروني بالمملكة العربية السعودية، يسر شركة نسيج للتقنية أن تعلن عن توقيع عقد استراتيجي مع المركز الوطني للتعليم الإلكتروني (NELC). وتأتي هذه الخطوة في سياق توجيه جهود المركز المتواصلة نحو تطوير التعليم الإلكتروني، ودعم وتطوير إجراءات الحوكمة، ورفع مستوى الجودة والفعالية في هذا القطاع الحيوي.
ويأتي اختيار المركز الوطني للتعليم الإلكتروني لنسيج انطلاقاَ من تقديره لخبرة الشركة الطويلة وقدرتها على التعاون مع المركز في تحقيق أهدافه الأساسية المتمثلة في تعزيز الثقة في التعليم الإلكتروني، وتمكين تكافؤ فرص الوصول إليه مدى الحياة، وريادة الابتكار المستدام في مجال التعليم الإلكتروني، لتحقيق الوصول إلى تعليم إلكتروني موثوق ومتاح للجميع، الأمر الذي يؤكد مجدداً على دور نسيج الكبير في توفير حلول التحول الرقمي التي تمكن المؤسسات الحكومية والخاصة والاكاديمية من إدارة التَعَلُم والمعرفة بالمملكة العربية السعودية ومنطقة الشرق الأوسط.
وبموجب اتفاقية الشراكة بين الجانبين، سوف تقوم نسيج بتنفيذ أعمال مشروع تطوير وتأسيس حوكمة التعليم والتدريب بما يضمن استمرار أعمال التحكيم وإدارتها وتنظيمها بشكل فعّال من خلال تطبيق مبادئ الشفافية والمساءلة والفاعلية، ومراجعة مختلف البرامج التدريبية والتعليمية التي يقدمها المركز بهدف تقييم جودتها وكفاءتها وضمان تلبيتها للاحتياجات والمتطلبات المُحَدَدَة، وضمان التزامها بالمعايير واللوائح المعمول بها بالمركز، بالإضافة إلى ضمان الامتثال والجودة وتحسين الأداء. كما يتضمن المشروع إصدارَ تقارير من قِبَل المُحَكِمين بشأن الجودة والالتزام وتقييم البرامج لتحديد الخطط التصحيحية لضمان التحسين المستمر.
وتشتمل الحلول والخدمات التي تقوم نسيج بتوفيرها للمركز الوطني للتعليم الإلكتروني في إطار المشروع على تحليل الوضع الراهن، وتقديم الحلول المَقتَرَحَة، وتنفيذ أعمال التحكيم والمراجعة لرخص الجهات والبرامج التعليمية والتدريبية، وتنفيذ أعمال الالتزام والجودة للجهات والبرامج المرخصة، ورصد الجهات والبرامج المخالفة ومتابعة تصحيحها، ورفع التقارير الدورية لأصحاب المصلحة، بالإضافة الى التقييم واستخلاص الدروس المستفادة.
وبهذه المناسبة قال المهندس عبد الله الطريفي، نائب الرئيس التنفيذي لشركة نسيج: “في زمن يشهد تطورًا سريعًا في مجال التعليم والتدريب، يشرفنا في نسيج أن نتعاون مع المركز الوطني للتعليم الإلكتروني، الذي يلعب دورًا حاسمًا في تشكيل مستقبل التعليم الإلكتروني في المملكة، لتحقيق التزامه الوطني بابتكار الحلول المستدامة التي تسهم في تمكين المواطنين السعوديين من خلال تزويدهم بالتعلم المرن والتفاعلي والموثوق في بيئة تعليمية مُمًكًنة رقميًا تجسد التزامنا المشترك بتقديم التميز التعليمي والابتكار لتعزيز موقف المملكة على الساحة العالمية بما يتسق تماماً مع رؤية المملكة 2030.”
واستطرد المهندس عبد الله الطريفي قائلاً: “انطلاقاً من استراتيجية الشركة لتمكين التحول الرقمي في إدارة التعلم والمعرفة بالمملكة، يمثل تعاون المركز الوطني للتعليم الإلكتروني وشركة نسيج محطة هامة نحو تحقيق رسالة المركز الوطني للتعليم الإلكتروني، كما يؤكد هذا التعاون التزام نسيج بتعزيز الحوكمة والجودة في هذا القطاع، حيث نعتزم تحقيق النجاح عبر توفير أحدث الأدوات والحلول والممارسات والتقنيات التعليمية التي تضمن تقديم تجربة تعليمية سلسة ومحورية وتدفع عجلة التحول الرقمي نحو الابتكار في التعليم ورفع معايير التعلم الإلكتروني في المملكة، وتزويد الطلاب والمحترفين بالمهارات اللازمة للتفوق في العصر الرقمي”.
–انتهى–
نبذة عن المركز الوطني للتعليم الإلكتروني
المركز الوطني للتعليم الإلكتروني هو مركز مستقل يستهدف تعزيز الثقة في التعليم الإلكتروني، وتمكين تكافؤ فرص الوصول إلى التعليم الإلكتروني مدى الحياة، وريادة الابتكار المستدام في التعليم الإلكتروني، لتحقيق الوصول إلى تعليم إلكتروني موثوق ومتاح للجميع. وتتمثل رسالة المركز في تمكين المواطنين من المنافسة عالمياً من خلال تزويدهم بالتعلم المرن والتفاعلي والموثوق مدى الحياة، بينما تتلخص رؤيته في توفير تعليم إلكتروني موثوق ومتاح للجميع. وتتمثل أهداف المركز الوطني للتعليم الإلكتروني في: تعزيز الثقة في التعليم الإلكتروني وتمكين تكافؤ فرص الوصول إلى التعليم الإلكتروني مدى الحياة وريادة الابتكار المستدام في التعليم الإلكتروني.
نبذة عن نسيج:
اكتسبت شركة نسيج، منذ عام 1989، ثقة مئات العملاء الكبار، مثل المؤسسة العامة للتدريب التقني والمهني، مكتبة محمد بن راشد، جامعة الأميرة نورة بنت عبد الرحمن، STC، جامعة الكويت، وزارة التجارة والاستثمار، وغيرها من الشركات والجامعات والمؤسسات الاكاديمية. وعلاوةً على ذلك دخلت نسيج عبر هذه السنوات في شراكات مع مؤسسات وكبريات الشركات العالمية. ويأتي على رأس المنتجات والخدمات التكنولوجية التي تقدمها نسيج منصات مداد السحابية، التي صممتها الشركة لتمكين المؤسسات الأكاديمية، والهيئات الحكومية، والشركات التجارية من التنسيق بين عملياتها الاكاديمية والإدارية والتدريبية، بالإضافة إلى تمكينها من تسريع مسيرة التحول الرقمي المستند إلى الابتكار المؤسسي. وتحت مظلة منصة مداد السحابية توفر نسيج حزمة كبيرة من الحلول التكنولوجية التي أحدثت تطوراً كبيراً في منهجيات عمل التعليم والتَعَلَم، ومن بينها منصة مداد للتعلم والتدريب الإلكتروني وهي منصة تعلم متكاملة توفر للمؤسسة التعليمية بيئة شاملة لتقديم برامج التعليم الإلكتروني والمدمجة على الإنترنت لجميع الطلاب، كما توفر حزمة فريدة تجمع بين أهم الأدوات للتعليم العالي مع أعلى مستويات الأمن والحماية وتوفير التكاليف مع الموثوقية التي تضمن تشغيل الأنظمة في ساعات الذروة.

"
https://www.naseej.com/ar/news-ar/2023/12/the-ministry-of-culture-chooses-naseej-for-the-restoration-preservation-and-collection-care-of-the-red-sea-museum-jeddah/,وزارة الثقافة السعودية تختار نسيج  لتنفيذ مشروع ترميم ومعالجة وتهيئة مقتنيات متحف البحر الأحمر بجدة,"ديسمبر 5, 2023","جدة، المملكة العربية السعودية ─ نوفمبر 2023
في إطار جهود وزارة الثقافة السعودية للاحتفاء بالقيمة الحضارية التي يجسدها ساحل البحر الأحمر، تم اختيار نسيج، الشركة الرائدة في توفير حلول التحول الرقمي، لتنفيذ شامل لحفظ وترميم ومعالجة وتهيئة مقتنيات متحف البحر الأحمر، بهدف ضمان استدامة المجموعات الثمينة للمتحف على المدى الطويل.

وتحت اسم “متحف البحر الأحمر” كانت وزارة الثقافة السعودية  قد  أنشأت ونظمت محتوى متحف جديد في جدة، على أن يكون مقره في مبنى البنط بمنطقة جدة التاريخية (البلد). وسوف يعرض المتحف طائفة من المقتنيات متعددة التخصصات، والأعمال الفنية، والمعلومات المتعلقة بالبحر الأحمر؛ كما سيوفر معلومات تاريخية عن دور البحر الأحمر في تشكيل مختلف الحضارات إلى جانب التشكيلات الفنية المعاصرة للبحر ورسم صور مختلفة له في الفن والأدب.

ويتكون المشروع من عدة مراحل، تتضمن ترميم ومعالجة وحفظ وتخزين قطع ومقتنيات مجموعة متحف البحر الأحمر، بالإضافة إلى تصميم وتجهيز وتهيئة مرافق التخزين ومعمل الترميم والصيانة. تم إعداد القطع والمقتنيات للعرض، وتحضير جميع الصور والوسائط، وإنشاء مختبر للحفظ والدعم الشامل للحفظ. تم إعداد برنامج لرعاية المجموعات في المتحف، بالإضافة إلى إعداد برنامج للتحكم البيئي والوقاية من الآفات. تهدف كل هذه الجهود إلى رفع مستوى الحفظ والصيانة وضمان استدامة مجموعة متحف البحر الأحمر على المدى الطويل.

وتفتخر نسيج بتنفيذ المشروع للحفظ ورعاية المقتنيات المتواجدة داخل وخارج المملكة العربية السعودية، وذلك بالشراكة مع شركة EXPM ─ وهي أفضل الشركات العالمية في هذا المجال، حيث تمتد خدماتها المتخصصة في حفظ وترميم المقتنيات الأثرية والفنية الى أعوام عديدة في المنطقة العربية ودول العالم.

وبهذه المناسبة قال المهندس عثمان العبد الكريم، الرئيس التنفيذي لشركة نسيج:” نفتخر باختيار وزارة الثقافة لنسيج لتتولى تنفيذ هذا المشروع الاستراتيجي ذي التأثير الايجابي الكبير على قطاع السياحة بالمملكة، ومن ثم يسهم في زيادة العائدات غير النفطية للبلاد بما يحقق أهداف رؤية السعودية 2030، فضلاً عن أهمية المشروع في القاء الضوء على عراقة التراث السعودي، وخصوصاً في منطقتي جدة ومكة اللتين لهما مكانة كبير لدى الحجاج والمعتمرين القادمين من كل مكان، وبذلك نتشرف بالمشاركة في ذلك العمل الوطني الذي يستهدف إتاحة التراث السعودي للجميع، وترميمه، وحفظه على المدى الطويل”
— انتهى —

نبذة عن شركة EXPM  
شركة EXPM العالمية تمتد خدماتها المتخصصة في الحفظ والترميم إلى سنوات طويلة في المنطقة العربية ودول العالم، بالإضافة إلى خبرتها الكبيرة في توفير المعدات المهنية في هذا المجال. وتشتمل الخدمات التي تقدمها الشركة على تنفيذ المشاريع، وتركيب المعدات الخاصة بها، وتدريب العاملين، وتقديم الدعم الفني بعد الانتهاء من المشروع، بما يشمل كل ما يلزم لإعداد خطة جديدة لرعاية مجموعة المقتنيات وتشغيلها.

وتعتبر شركة EXPM شركة متخصصة ومعترف بها وتتمتع بمعرفة كبيرة ومفصلة بالمعدات الخاصة بالحفظ والترميم، وكذلك بعملاء متعددين حول العالم. وفي الماضي القريب، قامت الشركة بتصميم وتركيب مرافق الحفظ للمجموعات، ونفذت مشاريع حفظ كثيرة في العديد من المتاحف والمكتبات والأرشيفات.
https://www.expm.com.pt/


نبذة عن نسيج
منذ عام 1989 حازت نسيج على ثقة العملاء في القطاع الثقافي بالسعودية ومنطقة الشرق الأوسط، ومنهم، على سبيل المثال، وزارة الثقافة بالسعودية، الهيئة الملكية لمحافظة العلا، مركز الملك فيصل للبحوث والدراسات الاسلامية، اللوفر أبو ظبي، دارة الملك عبد العزيز، متاحف قطر، وغيرها.
 وتلتزم نسيج بتحقيق التحول الرقمي في القطاع الثقافي، وتمكين عملائها ─ في قطاع المكتبات ومراكز المعلومات، ومراكز الوثائق والمحفوظات، والمتاحف ─ من إدارة أصولها المعرفية، وتنظيم المعلومات، وتمكين المستخدمين النهائيين تفعيلاً واثراءً.
 وفي هذا الإطار تقدم نسيج مجموعة من المنتجات والخدمات للقطاع الثقافي تساعد على تحويله إلى بيئة ثقافية ورقمية وجعل مقتنياته متاحة للمهتمين والزوار بشكل آمن من خلال استخدام تقنيات مختلفة وعلى أسس ومعايير وممارسات معتمدة، ومنها على سبيل المثال لا الحصر، خدمات التحويل الرقمي، نظام إدارة المقتنيات الالكتروني، خدمات حصر وتقييم حالة المقتنيات، خدمات تعقيم وتطهير المقتنيات، منتجات الترميم والحفظ التدخلي للمقتنيات، منتجات تخزين وحفظ المقتنيات، منتجات تأثيث المتاحف وعرض المقتنيات.
"
https://www.naseej.com/ar/news-ar/2023/08/naseej-acquires-a-majority-in-appsinnovate-a-specialized-developer-of-gamification-and-mixed-reality-learning-content-and-applications/,نسيج تحصل على ترخيص لتقديم خدمات الحوسبة السحابية من هيئة الاتصالات والفضاء والتقنية,"أغسطس 18, 2023","الرياض، المملكة العربية السعودية – أغسطس 2023
يسر شركة نسيج – الرائدة في تقديم الحلول التكنولوجية المُبتَكَرة بمنطقة الشرق الأوسط – أن تعلن عن حصولها على ترخيص كمُقَدِم لخدمات الحوسبة السحابية مُسَجَل فئة أ من هيئة الاتصالات والفضاء والتقنية بالمملكة العربية السعودية. ويُعتَبَر هذا الإنجاز مَعلَماً بارزاً في تاريخ نسيج المُمتَد لما يزيد على 34 عاماً ليؤكدَ مجدداً على التزام الشركة بتحقيق التميز والامتثال والموثوقية في قطاع تقنية المعلومات.
 
وتجدر الإشارة الى أن هيئة الاتصالات والفضاء والتقنية − وهي الجهة المُنَظِمة لقطاعات الاتصالات والفضاء وتقنية المعلومات بالمملكة العربية السعودية – قد أصدرت إطاراً تنظيمياً شاملاً لـ “الحوسبة السحابية” بالمملكة على نحو يتسق مع الممارسات الدولية المُثلَى في هذا الشأن، حيث يضمن الإطار كافة الالتزامات والحقوق لكلٍ من مقدمي خدمات الحوسبة السحابية، والمستخدمين الأفراد، والقطاع الحكومي، وشركات القطاع الخاص، بما ينشئ بيئةَ عملٍ شفافة وآمنة لتقديم الخدمات السحابية في المملكة العربية السعودية.
 
وتعليقاً على هذا الإنجاز قال الأستاذ عثمان عبد الكريم، نائب رئيس شركة نسيج أن “حصول نسيج على ترخيص مُقَدِم خدمات حوسبة سحابية يُعَدُ علامةً بارزة في تاريخ الشركة تعكس التزامها الثابت بصَون حقوق والتزامات عملائها الذين يمثلون حجر الزاوية في جهود الشركة المتواصلة”. وأضاف أن “هذه المعايير الأمنية تهدف إلى مساعدة نسيج وعملائها على تشغيل آمن وفعّال والحفاظ على سلامة بيانات العملاء من التهديدات السيبرانية، من خلال تطبيق أفضل الممارسات الأمنية. فالامتثال لمتطلبات الهيئة الوطنية للأمن السيبراني بالمملكة العربية السعودية بالإضافة إلى الحصول على شهادات الآيزو 27001 و27017 و27018 ، هي جزء أساسي للحصول على التصنيف من الفئة أ والتي تعزز الالتزام بأعلى معايير أمن المعلومات”.
 
وأوضح الأستاذ عثمان عبد الكريم أن “ذلك الإنجاز يعزز المكانةَ الاستراتيجية لـ ’منصات مداد السحابية من نسيج‘، بما يُمَكِن الشركة من تقديم خدمة أفضل، تلتزم بأعلى معايير الأمان والكفاءة والموثوقية التشغيلية التي تلبي الاحتياجات الخاصة بكافة قطاعات الاقتصاد السعودي. إذ تتيح منصات مداد السحابية من نسيج لعملائها إمكانية مواءمة ورقمنة الإجراءات الأكاديمية والإدارية والتدريبية، بالإضافة الى دعم مبادراتهم للتحول الرقمي، بما يفسح الطريق للإبداع والابتكار ضمن بنية موحدة وقوية تستفيد من أحدث التقنيات الناشئة والمنصات المفتوحة المصدر”.
 
وأضاف نائب رئيس الشركة أن “منحَ هيئة الاتصالات والفضاء والتقنية لشركتنا ترخيصاً لتقديم خدمات الحوسبة السحابية يؤكد للكافة التزامَ نسيج بالحفاظ على أعلى المعايير المتعلقة بجودة الخدمة، وأمن البيانات، فضلاً عن الامتثال للوائح التنظيمية السارية بالمملكة العربية السعودية” لافتاً إلى أن “نسيج إذ تواءم كافة ممارساتها مع الضوابط الصارمة التي تشترطها هيئةُ الاتصالات والفضاء والتقنية، فإنها تؤكد بذلك لعملائها الكرام على التزامها الثابت بالحفاظ على سلامة بياناتهم وعملياتهم”.
 
واختتم قوله بأن: “نسيج، كمُقَدِم رائدٍ لخدمات الحوسبة السحابية، تظلُ ملتزمةً التزاماً راسخاً بتقديم حلولٍ مبتكرة تتجاوز معايير الصناعة. إن نسيج، بحصولها على ذلك الترخيص الجديد، قد تبوأت مكانةً فريدة تتيح لها مواصلة تقديم خدمات سحابية متميزة، إلى جانب امتثالها التام للإطار التنظيمي بالمملكة العربية السعودية”.
ولمزيد من التفاصيل والمعلومات عن مقدمي الخدمات المُسَجَلين لدى هيئة الاتصالات والفضاء والتقنية، نرجو زيارة الموقع الالكتروني الجهات المسجلة لدى الهيئة لتقديم الخدمات.
 
نبذة عن نسيج
نسيج هي إحدى أكبر شركات التقنية الرائدة في تمكين التحول الرقمي في إدارة التَعَلُم والمعرفة. ومنذ عام 1989 توفر نسيج للجامعات ومؤسسات التعليم العالي، والمراكز الثقافية والمعلوماتية، والجهات الحكومية والشركات الكبرى، حلولاً صُمِمَت لتغطي النطاق الكامل لما يعرف بـ “الدورة المعرفية”، وتشمل: حلول ومنظومات الإدارة الأكاديمية؛ حلول إدارة التعلم الإلكتروني؛ حلول التحول الرقمي والخدمات الإلكترونية، حلول إدارة المكتبات العامة والأكاديمية؛ حلول إدارة المعلومات؛ وحلول تفعيل إجراءات المؤسسات. وتتمثل هذه الحلول في منصات مداد السحابية، ومنصات الخدمات الالكترونية، وحلول إدارة البيانات والمعرفة، وغيرها. وبفضل خدمات الحوسبة السحابية المتطورة، تواصل نسيج دورها الكبير في تمكين عملائها عبر توفير الأدوات التي يحتاجونها لتحقيق النجاح في العصر الرقمي الحالي.
 

"
https://www.naseej.com/ar/news-ar/2023/09/naseej-for-technology-is-the-exhibiting-sponsor-at-datatechvibe-velocity-data-analytics-summit/,نسيج تستعرض حلول وخدمات إدارة البيانات المؤسسية في قمة السرعة للبيانات والتحليلات بالرياض، المملكة العربية السعودية,"سبتمبر 18, 2023","الرياض، المملكة العربية السعودية – .. سبتمبر 2023
يسر شركة نسيج للاتصالات وتقنية المعلومات − الرائدة في تقديم حلول وخدمات المعرفة بالشرق الأوسط − أن تعلن عن مشاركتها في في النسخة السادسة لقمة داتا تيك فايب − السرعة للبيانات والتحليلات والمعرض المصاحب لها، التي ستنعقد في السادس والعشرين من سبتمبر 2023 بفندق كراون بلازا الرياض الواحة، في العاصمة السعودية الرياض.
تنعقد قمة السرعة للبيانات والتحليلات في المملكة العربية السعودية تحت موضوع “تسريع التحول الرقمي باستخدام البيانات”، حيث تجمع قادة الأعمال والتكنولوجيا تحت سقف واحد لبحث تأثير البيانات والتقنيات الناشئة على مستقبل الشركات. وسوف تناقش القمة عدداً من المحاور أبرزها الاتجاهات المُستَجَدَة والمُمارسات المُثلى في تحليل البيانات، دراسات حالات حول التنفيذ الناجح لتحليل البيانات في قطاع الشركات والقطاع الحكومي، الإطار التنظيمي لإدارة وحماية البيانات في المملكة، ومستقبل تحليلات البيانات في السعودية.
وسوف تشهد قمة السرعة للبيانات والتحليلات – نسخة العام 2023 حضوراً كبيراً يضم كوكبة من مدراء العموم، المدراء التنفيذيين، المدراء، مدراء تكنولوجيا المعلومات، بالإضافة الى كبار المسئولين ومتخذي القرار في عددٍ من الصناعات والقطاعات الهامة، منها قطاع الخدمات المصرفية والمالية والتأمين، القطاع الحكومي، قطاع التجزئة والتجارة الإلكترونية، قطاع الاتصالات، قطاع البترول والغاز، قطاع الرعاية الصحية، قطاع التعليم، قطاع التقنية المالية، قطاع السفر والفندقة، القطاع العقاري، وقطاع السلع الاستهلاكية سريعة التداول.
وسوف يغطي الحدثُ المعنىُ بالبيانات والمعلومات طائفةً واسعةً من الموضوعات الهامة يأتي على رأسها  بنية شبكة البيانات، القيمة التجارية لتسييل البيانات، الكشف عن أنماط وسرديات البيانات، التحليلات الفورية، التحليلات التنبؤية بالمؤسسات المستندة الى البيانات، تفعيل الذكاء الاصطناعي لتصفح البيانات المعقدة.
وتجدر الإشارة الى أن  شركة نسيج، إذ تمزجُ بين آخر التطورات التكنولوجية وبين خبرتِها الواسعة، فإنها تواصل بذلك دعمها للمؤسسات بجميع أنواعها في مسيرتها لاستكمال التحول الرقمي بما يُمَكَنُها من تسخير الطاقات الكبيرة الكامنة في بياناتها، والاستفادة من باقة نسيج الشاملة التي تضم مختلف المنصات والخدمات متمثلةً في إدارة بيانات المؤسسة، والتحليلات والرؤى المتطورة، وتقنيات البيانات الضخمة.
ضمن سعيها لوفير أحدث الحلول والتقنيات والممارسات، تتشارك شركة نسيج هذا الحدث مع شركة كلاوديرا-Cloudera- وهي شركة رائدة في مجال البيانات تقدم منصة بيانات شاملة لبنية البيانات الحديثة. تسمح حلولهم للشركات بدفع الابتكار من خلال تقنيات مثل الذكاء الاصطناعي المؤسسي، ومستودع البيانات المفتوح، والبنية القابلة للتوسع للبيانات، ونسج البيانات الموجودة. كما تمكن المؤسسات من إدارة وتحليل البيانات بفاعلية من أي مصدر، مما يسهم في اتخاذ القرارات القائمة على البيانات وفتح إمكانيات غير محدودة.
كما  سينضم أيضًا إلى فريق  نسيج شركة كيوليك تالند – Qlik Talend – التي توفر حل شامل وقابل للتوسع لإدارة البيانات لتمكين المؤسسات من دمج وتحويل وتنظيم بياناتهم من مصادر وتنسيقات مختلفة، بالإضافة إلى تحسين عمليات بياناتها، وتسريع الرؤى المستندة إلى البيانات، وضمان جودة البيانات والامتثال للتنظيمات. حيث تلبي هذه الحلول احتياجات مجموعة واسعة من الصناعات وحالات الاستخدام، مما يجعلها أصولًا قيمة للشركات التي تبحث عن الإستفادة من البيانات بهدف التطوير المستمر والتميز المؤسسي.
وتعليقاً على ذلك قال المهندس عبد الله الطريفي، نائب رئيس نسيج، أن “مشاركة نسيج في قمة السرعة للبيانات والتحليلات 2023 تأتي في إطار التزامنا الثابت بالعمل على تسريع التحول الرقمي بالمؤسسات السعودية والإقليمية عبر تزويدها بالحلول التكنولوجية المتطورة التي تعينها على دمج التكنولوجيا الرقمية في جميع جوانب المؤسسة بما يساعدها على تطوير أسلوب العمل وتقديم القيمة للمستخدم النهائي”.
وأوضح المهندس عبد الله الطريفي قائلاً: “نشارك في هذا الحدث مع شركائنا لنعرض حزمة متكاملة لحلول وخدمات إدارة بيانات المؤسسة التي تمكن الشركات والمؤسسات من التعاطي مع مختلف التحديات والفرص التي يطرحها عصرُنا الحالي المستند إلى البيانات”، مضيفاً أن ” تم تصميم هذه الحلول المُخَصَصَة للوفاء باحتياجات السوق، سواء كانت المؤسسة تسعى إلى تحسين جودة البيانات، أو أتمتة وتحسين عملياتها بهدف التطور المستمر ورفع الإنتاجية”.
واختتم نائب رئيس نسيج لافتاً إلى أن “مشاركة نسيج في هذه القمة تتفق مع التزامنا بتمكين المؤسسات، بجميع أنواعها، من تسخير القوى الكامنة في بياناتها، والحصول على رؤى قيمة، واتخاذ قرارات مستندة إلى البيانات، ومن ثم اكتساب ميزات تنافسية في عالم اليوم الرقمي”.
–انتهى–
نبذة عن نسيج:
اكتسبت شركة نسيج، منذ عام 1989، ثقة مئات العملاء الكبار، مثل المؤسسة العامة للتدريب التقني والمهني، مكتبة محمد بن راشد، جامعة الأميرة نورة بنت عبد الرحمن، STC، جامعة الكويت، وزارة التجارة والاستثمار، وغيرها من الشركات والجامعات والمؤسسات الاكاديمية. ويأتي على رأس المنتجات والخدمات التكنولوجية التي تقدمها نسيج منصات مداد السحابية، التي صممتها الشركة لتمكين المؤسسات الأكاديمية، والهيئات الحكومية، والشركات التجارية من التنسيق بين عملياتها الاكاديمية والإدارية والتدريبية، بالإضافة إلى تمكينها من تسريع مسيرة التحول الرقمي المستند إلى الابتكار المؤسسي. وتحت مظلة منصة مداد السحابية توفر نسيج حزمة كبيرة من الحلول التكنولوجية التي أحدثت تطوراً كبيراً في منهجيات عمل التعليم والتَعَلَم، ومن بينها منصة مداد للتعلم والتدريب الإلكتروني وهي منصة تعلم متكاملة توفر للمؤسسة التعليمية بيئة شاملة لتقديم برامج التعليم الإلكتروني والمدمجة على الإنترنت لجميع الطلاب، كما توفر حزمة فريدة تجمع بين أهم الأدوات للتعليم العالي مع أعلى مستويات الأمن والحماية وتوفير التكاليف مع الموثوقية التي تضمن تشغيل الأنظمة في ساعات الذروة.
"
https://www.naseej.com/ar/news-ar/2023/09/naseej-for-technology-announces-the-appointment-of-othman-al-abdulkarim-as-chief-executive-officer/,تعيين المهندس عثمان العبد الكريم رئيسا تنفيذياً لشركة نسيج للتقنية,"سبتمبر 27, 2023","تعيين المهندس عثمان العبد الكريم رئيسا تنفيذياً لشركة نسيج للتقنية

الرياض، سبتمبر 2023، أعلنت شركة نسيج للتقنية – شركة مدرجة بسوق المال – عن تعيين المهندس عثمان بن عبد المحسن العبد الكريم رئيساً تنفيذياً لقيادة الشركة، وذلك اعتبارا من الأول من أكتوبر 2023.
ويعد المهندس العبد الكريم أحد القياديين الرئيسيين في نسيج حيث عمل بها منذ 2007، كما يحظى بخبرة واسعة في قطاع تقنية المعلومات وحلول التحول الرقمي تمتد لأكثر من 16 عاما، إذ شغل منصب نائب الرئيس التنفيذي للمبيعات في شركة نسيج، أشرف خلالها على كافة مبيعات حلول التحول الرقمي التي توفرها نسيج لعملائها في المنطقة. وقبلها شغل المهندس العبد الكريم منصب مديرً مبيعات نسيج في المملكة العربية السعودية عام 2020، وشغل منصب مدير إدارة الحلول المحترفة في نسيج عام 2016 وكان يتولى خلالها مسؤولية المبيعات للقطاع الحكومي والقطاع الخاص في المملكة العربية السعودية. المهندس العبد الكريم استهل مسيرته المهنية عام 2002 كمحاضر في كلية الاتصالات والمعلومات بالرياض، وحصل على ماجستير هندسة الاتصالات من جامعة نيوكاسل عام 2006.
وبهذه المناسبة علق م. عبد الجبار العبد الجبار – العضو المنتدب لنسيج – قائلا ” نيابة عن أعضاء مجلس الإدارة أهنئ الزميل عثمان على هذا التعيين، ونحن على ثقة تامة بخبرته العملية والقيادية، وفهمه العميق لمتطلبات وتحديات التحول الرقمي في القطاعات التي نستهدفها، وخبرته في توفير حلول تحول رقمي تلامس احتياجات عملاء نسيج، مع ضمان تحقيق أعلى درجات الرضاء لديهم، مما سيقود نسيج للمزيد من النمو والتوسع بمشيئة الله”. وأضاف م. العبد الجبار قائلا ” هذا التغيير يعكس التطور المستمر في نسيج، والجهود المبذولة في الاستثمار في كوادرها وتطوير القيادات المستقبلية للشركة”.
من جانبه علق المهندس العبد الكريم على هذا التعيين قائلا ” يشرفني ويسعدني أن أتقلد هذا الدور في شركة رائدة مثل نسيج تزخر بالكفاءات العالية، وتتبنى ثقافة الابتكار والريادة التقنية كركائز أساسية في ثقافتها، وتمتلك تاريخ حافل بالإنجازات على مستوى المنطقة ككل، من خلال تطوير وتنفيذ حلول حيوية تساهم في مسيرة التنمية في مجتمعاتنا. سوياً مع فريق نسيج سنتمكن بتوفيق من الله من البناء على تلك الأسس المتينة، ومواصلة الابتكار والريادة التقنية، وتحقيق المزيد من النمو والازدهار لعملاء نسيج ومنسوبيها ومساهميها”.
ويأتي تعيين المهندس عثمان العبد الكريم، ضمن جهود نسيج في تنفيذ خطة استراتيجية وبرنامج تطويري شامل تسعى من خلالها نسيج للتوسع في قطاعات وأسواق جديدة، مع مواصلة وتيرة النمو وتعزيز مكانتها الريادية في حلول التحول الرقمي في التعليم وإدارة المعرفة، والاستفادة من قدرات التطوير والابتكار التي تمتلكها نسيج مدعومة بقدرات مميزة في تقنيات الذكاء الاصطناعي وإدارة البيانات، ومن خلال منصات “مداد” السحابية التي توفرها نسيج لإدارة التعلم والمعرفة والتي تتطلع نسيج من خلالها المنافسة في الأسواق العالمية.
الجدير بالذكر أن تعيين المهندس العبد الكريم في منصب الرئيس التنفيذي، يأتي خلفا للمهندس عبد الجبار العبد الجبار، والذي سيستمر في منصب العضو المنتدب لنسيج لدعم ومساندة برنامج التطوير الطموح الذي تقوم به نسيج.
"
https://www.naseej.com/ar/news-ar/2023/11/%d9%88%d8%b2%d8%a7%d8%b1%d8%a9-%d8%a7%d9%84%d8%aa%d8%ac%d8%a7%d8%b1%d8%a9-%d8%a7%d9%84%d8%b3%d8%b9%d9%88%d8%af%d9%8a%d8%a9-%d9%88%d9%86%d8%b3%d9%8a%d8%ac-%d9%84%d9%84%d8%aa%d9%82%d9%86%d9%8a%d8%a9/,وزارة التجارة السعودية ونسيج للتقنية شراكة استراتيجية لتوفير أحدث أنظمة التدريب والتعليم الإلكتروني,"نوفمبر 19, 2023","الرياض، المملكة العربية السعودية ─ .. نوفمبر 2023
استمراراً لسعيها المتواصل لتطوير التَعَلُم والتدريب الإلكتروني بالمملكة العربية السعودية والشرق الأوسط، يسر شركة نسيج للتقنية أن تعلن عن اختيار وزارة التجارة السعودية لأحدث حلول نسيج للتدريب والتعليم الإلكتروني بهدف تمكين الوزارة من مواصلة أداء دورها المحوري في تحقيق التنمية المستدامة للقطاع التجاري السعودي بما يواكب التطورات المتسارعة للتجارة العالمية بهدف تعزيز مكانة المملكة الاقتصادية كوجهة مفضلة للتجارة بمنطقة الشرق الأوسط والعالم. 
وبموجب هذه الشراكة توفر شركة نسيج لوزارة التجارة السعودية منصة إدارة التدريب من مداد التي تمكنها من توظيـف التكنولوجيـا الحديثـة فـي إعـداد برامـج تدريـب مبتكـرة لمنسوبيها فـي بيئـة عمـل متطـورة.  وتوفر المنصة مركزاً شاملاً ومتكاملاً لأتمتة وإدارة عمليات التدريب من خلال استخدام الأدوات والحلول المتطورة. وفي هذا الإطار، تساعد منصة مداد لإدارة التدريب على تطوير مهارات الموظفين بهدف رفع الإنتاجية والكفاءة، وذلك عبر تبسيط عمليات تدريبهم ورفع معدلات المشاركة والتعلم المستمر وإصدار قرارات التحسين المبنية على البيانات بأقل تكلفة. وتحقق المنصةُ هذه الأهداف من خلال أتمتة عمليـات التدريـب بصـورة شـاملة، وتوفير أدوات وبرامج سحابية شاملة وسـهلة الاسـتخدام لتنميـة المهـارات، بالإضافة الى تقديم حلول غنيـة بالمزايـا وقابلـة للتعديـل والتخصيـص حسب احتياجات الوزارة.
ويشتمل نطاقُ العقد المُبرَم بين الجانبين على قيام نسيج بتوفير الاشتراك في منصة إدارة التدريب من مداد لثلاثة آلاف مُسْتَخِدم لمدة ثلاث سنوات، على أن يشمل ذلك طائفةً واسعة من الخصائص التي تتميز بها المنصة، وهي: إدارة البرامج التدريبية، الوحدات والأنشطة التدريبية، عمليات التقييم واستطلاعات الرأي، الفوترة والتسجيل عبر الإنترنت، ادارة التوثيق، والفصول الافتراضية، إصدار التقارير والتحاليل، مسارات التعلم  وإطار الكفاءات.
وتجدر الإشارة الى أن نسيج للتقنية تفتخر بسجل مشرف في توفير منصة إدارة التدريب من مداد لعددٍ كبير من العملاء، من الجهات الحكومية والمؤسسات الخاصة، بما أتاح لها الاستثمار في قـواها العاملـة ووضـع التدريـب والتَعَلُـم فـي صميم استراتيجيتها للنمو والتميز، ومنها على سبيل المثال لا الحصر: وزارة المالية، جامعة جدة، جامعة الأمير محمد بن فهد، جامعة حفر الباطن، جامعة نايف العربية للعلوم الأمنية، المعهد الملكي للفنون التقليدية، ساكو، هيئة تقويم التعليم والتدريب، مستشفى الموسى التخصصي، جامعة المعرفة، وغيرها.
وبهذه المناسبة وصف المهندس عبد الله الطريفي، نائب الرئيس التنفيذي لشركة نسيج، اتفاقية الشراكة بين وزارة التجارة وشركة نسيج بأنها “تعكس قناعتَنا المشتركة بالدور المحوري للتَعَلُم والتدريب الجيد في دفع عجلة النمو الاقتصادي بالمملكة العربية السعودية. وفي هذا الإطار تفتخر نسيج بتزويد وزارة التجارة بمنصة إدارة التدريب من مداد، الحل التكنولوجي الذي يتيح توفير المعرفة والمهارات لمنسوبي الوزارة بما يمكنهم من تطوير قدراتهم، ومن ثَم المشاركة بقوة في تحقيق موقع ريادي لقطاع التجارة السعودي محلياً واقليمياً وعالمياً.”
واستطرد المهندس عبد الله الطريفي قائلاً: ” إنطلاقاً من رسالة الوزارة لتعزيز قدرات قطاع التجارة، وحماية مصالح المستفيدين، عبر تطوير ووضع سياسات وآليات تنفيذ فعالة، تسهم في تحقيق تنمية اقتصادية مُستدامة، تتشرف شركة نسيج بتوفير حلول إدارة التدريب من مداد، التي تعمل على تزويد الموظفين بالمهارات التي يحتاجونها لتحقيق هذه الرسالة وللتميز ومواكبة المتغيرات في سوق العمل، ونفخر بتمكين الهيئات الحكومية والشركات الخاصة من المشاركة بإيجابية في تحقيق التنمية المستدامة للمملكة”.
–انتهى–
نبذة عن وزارة التجارة السعودية
​​تسعى وزارة التجارة للقيام بدورها المحوري في تنمية واستدامة القطاع التجاري في المملكة، بما يواكب المتغيرات والتطورات المتسارعة التي تشهدها التجارة عالمياً، وذلك سعياً لتعزيز مكانة المملكة الاقتصادية كوجهة مفضلة للتجارة في منطقة الشرق الأوسط والعالم.  وتوفير خارطة طريق شاملة ومتكاملة لتحقيق رؤيتها الطموحة والتي تتمثل بتحقيق موقع ريادي لقطاع التجارة السعودي في بيئة عادلة ومحفّزة. تركز رسالة الوزارة على تأطير الدور المحوري المنوط بها في الارتقاء ببيئة الأعمال التجارية  في المملكة، وذلك من خلال سن وتطوير والإشراف على تطبيق الأنظمة واللوائح والسياسات التجارية التي تتسم بالمرونة والعدالة وتعميق الشراكات الاستراتيجية مع مختلف الجهات ذات العلاقة محلياً ودولياً بما يوطد أواصر الثقة بين التاجر والمستهلك ويسهم في تعظيم دور القطاع التجاري في دعم واستدامة الاقتصاد الوطني، كل ذلك من خلال اتباع منظومة متكاملة من القيم الراسخة والتي تؤكد على العدالة واحترام الحقوق والإبداع والعمل بروح الفريق وسرعة الاستجابة والسعي المستمر لتقديم خدمات ذات قيمة مضافة تفوق توقعات كافة فئات المتعاملين.​
 
نبذة عن نسيج
اكتسبت شركة نسيج، منذ عام 1989، ثقة مئات العملاء الكبار، مثل المؤسسة العامة للتدريب التقني والمهني، مكتبة محمد بن راشد، جامعة الأميرة نورة بنت عبد الرحمن، STC، جامعة الكويت، وزارة التجارة والاستثمار، وغيرها من الشركات والجامعات والمؤسسات الاكاديمية. وعلاوةً على ذلك دخلت نسيج عبر هذه السنوات في شراكات مع مؤسسات كبيرة، وغيرها من كبريات الشركات العالمية. ويأتي على رأس المنتجات والخدمات التكنولوجية التي تقدمها نسيج منصات مداد السحابية، التي صممتها الشركة لتمكين المؤسسات الأكاديمية، والهيئات الحكومية، والشركات التجارية من التنسيق بين عملياتها الاكاديمية والإدارية والتدريبية، بالإضافة إلى تمكينها من تسريع مسيرة التحول الرقمي المستند إلى الابتكار المؤسسي. وتحت مظلة منصة مداد السحابية توفر نسيج حزمة كبيرة من الحلول التكنولوجية التي أحدثت تطوراً كبيراً في منهجيات عمل التعليم والتَعَلَم، ومن بينها منصة مداد للتعلم والتدريب الإلكتروني وهي منصة تعلم متكاملة توفر للمؤسسة التعليمية بيئة شاملة لتقديم برامج التعليم الإلكتروني والمدمجة على الإنترنت لجميع الطلاب، كما توفر حزمة فريدة تجمع بين أهم الأدوات للتعليم العالي مع أعلى مستويات الأمن والحماية وتوفير التكاليف مع الموثوقية التي تضمن تشغيل الأنظمة في ساعات الذروة.
"
https://www.naseej.com/ar/news-ar/2023/11/naseej-signs-a-partnership-agreement-with-smarttech3d-a-leading-manufacturer-of-optical-3d-scanners/,نسيج توقع اتفاقية شراكة  مع سمارت-تيك-ثري-دي، الشركة الرائدة المُصَنِعَة للماسحات الضوئية الثلاثية الأبعاد,"نوفمبر 22, 2023","الرياض، المملكة العربية السعودية ─ نوفمبر 2023
وقعت نسيج للتقنية ─ الشركة الرائدة في تقديم حلول التحول الرقمي ─ اتفاقية شراكة مع سمارت-تيك-ثري-دي، الشركة الرائدة في تصنيع الماسحات الضوئية الثلاثية الأبعاد، لتواصل بذلك نسيج خدمة عملائها بالقطاع الثقافي، بما في ذلك المتاحف ومراكز المحفوظات والمكتبات.
 
وتهدف نسيج، من خلال التعاون مع سمارت-تيك-ثري-دي، إلى تعزيز الحلول التي تقدمها لعملائها في القطاع الثقافي. وتتضمن هذه التحسينات مجموعة متنوعة من الماسحات الضوئية الثلاثية الأبعاد، بالإضافة الى برمجيات مُخَصَصَة تم تصميمها لِتُيَسِرَ معالجة البيانات باستخدام هذه الماسحات. تخصصت سمارت-تيك-ثري-دي في تصنيع ماسحات ثلاثية الأبعاد لقطاعات التعليم والصناعة والمتاحف، وتوفر أجهزة قياس احترافية لمراقبة الجودة والهندسة العكسية والتحول الرقمي في مجالات الآثار والمتاحف. تتيح هذه الحلول للعملاء استخدام المحتوى الرقمي في أغراض البحث والتعليم وغيرها.
 
وتعليقاً على الشراكة الجديدة قال المهندس عثمان العبد الكريم، الرئيس التنفيذي لشركة نسيج، أن “الاتفاقية مع شركة سمارت-تيك-ثري-دي تمثل خطوةً إيجابيةً في مسيرتنا الرامية إلى تعزيز الحلول والخدمات التقنية التي نقدمها للقطاع الثقافي. إن خصائص ومزايا الحلولُ المتطورة لشركة سمارت-تيك-ثري-دي تقدم أعلى جودة في السوق مما يجعلها الأفضل للحفاظ على التراث والمجموعات المتحفية”.
 
ومن جانبه علق كريس جيبارسكي، الرئيس التنفيذي لشركة سمارت-تيك-ثري-دي، قائلاً: “منذ بدء تطورنا، اكتشفنا في  سمارت-تيك-ثري-دي حاجتنا إلى البحث عن فرص تفصيلية وعالية الجودة للتحويل الرقمي، ومن ثم تواصلنا طول سنوات عديدة مع المؤسسات الدولية للتراث مع الالتزام بتوصياتها. وبناءً على ذلك قمنا بتطوير أداة فعالة تلبي جميع احتياجات المتاحف والباحثين. ونحن الآن سعداء للغاية إذ وجدنا شريكاً محترفاً على علمٍ ودراية بمتطلبات السوق. وبفضل هذا التعاون أصبحنا على ثقة بأن ماسحاتنا الضوئية الثلاثية الأبعاد سوف يتم تقديمها ونشرها بأكثر الطرق احترافيةً”.
 
واختتم الرئيس التنفيذي لشركة سمارت-تيك-ثري-دي قائلاً: “إن التعاون مع نسيج يأتي نتيجةً لعملية طويلة من البحث قمنا بها، ونحن في غاية الرضا عن ذلك التعاون” 
–انتهى—
نبذة عن شركة سمارت-تيك-ثري-دي
سمارت-تيك-ثري-دي هي شركة عالمية شهيرة تقوم بتصنيع الماسحات الضوئية الثلاثية الأبعاد. وطوال تواجدنا في السوق خلال الأعوام العشرين الماضية، كانت الشركة ولا تزال تركز على توفير الماسحات الضوئية الثلاثية الأبعاد المُختَبَرَة قياسياً لتخدم قطاعات التعليم والصناعة والمتاحف. وتوفر الشركة حلول رائدة في قطاعي الآثار والمتاحف وتشتمل على حزمة متكاملة من أجهزة القياس عن بعد الخاصة بعددٍ من التطبيقات، أبرزها مراقبة الجودة، والهندسة العكسية. وتوفر سمارت-تيك-ثري-دي خدمات التصميم والتنفيذ لأنظمة الرؤية الآلية، والخدمات المتخصصة للقياس الثلاثي الأبعاد. وتضم قائمة عملاء الشركة كلاً من الإدارة الوطنية للملاحة الجوية والفضاء (ناسا)، بوينج، لوفتهانزا، أورلين، كرونيس، المكتب المركزي البولندي للقياسات، الجيش الأمريكي، المتحف الوطني لما قبل التاريخ في تايوان، وغيرها من الجامعات حول العالم. 
ولمزيد من التفاصيل انقر على: www.smarttech3d.com
"
https://www.naseej.com/ar/news-ar/2023/11/jeddah-university-takes-the-lead-in-educational-innovation-with-medad-iep/,جامعة جدة تفتح آفاقًا جديدة في الابتكار التعليمي مع منصة مداد للفاعلية المؤسسية,"نوفمبر 21, 2023","جدة، المملكة العربية السعودية – أكتوبر 2023
يسر شركة نسيج – الرائدة في تقديم حلول وخدمات التحول الرقمي في إدارة التعلم والمعرفة، أن تعلن عن شراكة رائدة مع جامعة جدة. حيث اختارت الجامعة شركة نسيج لتنفيذ مشروع منصة مداد للفاعلية المؤسسية بهدف التحول الرقمي في أعمال ضمان الجودة والتخطيط والتقويم والإعتماد الأكاديمي، والتي تمثل علامة فارقة في مسيرة السعي إلى التميز الأكاديمي. تأتي هذه الشراكة في سياق سعي جامعة جدة إلى تحقيق الريادة على المستوى الإقليمي والعالمي. ومن خلال منصة مداد للفاعلية المؤسسية، ستتمكن الجامعة من تحقيق التميز المؤسسي للجامعة، وتحسين أدائها بشكل شامل، وتحقيق أهدافها الاستراتيجية.
تعد نسيج شركة رائدة في مجال الابتكار في قطاع التعليم العالي، حيث تدرك الاحتياجات الفريدة للمؤسسات التعليمية. وقد طورت منصة مداد للفعالية المؤسسية لتلبية هذه الاحتياجات من خلال توفير حلاً شاملاً يبسط التخطيط الاستراتيجي وإدارة الاعتماد والتقويم ومراجعات البرامج وإدارة البيانات وإعداد التقارير، وذلك للمساهمة في تحسين مخرجات الطلاب وتعزيز التميز الأكاديمي.
تعتبر جامعة جدة من الجامعات الوطنية المتميزة في المملكة العربية السعودية، وقد التزمت منذ تأسيسها بتبني تخصصات ومهارات المستقبل لإعداد جيل من العلماء والقادة يساهم في تنمية الاقتصاد والمجتمع. واليوم، تستعد الجامعة لبدء رحلة تحول جديدة، بالتعاون مع شركة نسيج للتقنية، بهدف مواكبة التطورات العالمية وتقديم تعليم متميز يلبي احتياجات الطلاب في القرن الحادي والعشرين.
ويعكس قرار الجامعة باعتماد منصة مداد للفعالية المؤسسية التزامها الراسخ في سعيها لتكون الخيار الأول لقادة المستقبل. ستمكّن هذه المنصة التحولية الجامعة من الحفاظ على المعايير الأكاديمية العالية والمساهمة في تحسين الأداء المؤسسي والفاعلية، ودعم التخطيط والتقييم، وضمان الجودة التعليمية والتحسين المستمر، وتعزيز نجاح الطلاب، وإعداد الخريجين المستقبليين، وإثبات الامتثال، وتحقيق الاعتمادات، وضمان اتخاذ القرارات والمساءلة المستندة إلى البيانات.
وبموجب اتفاقية الشراكة ستزود نسيج جامعة جدة بباقة من الحلول التكنولوجية تندرج تحت مظلة منصة مداد للفاعلية المؤسسية، وهي: إدارة خطط ضمان الجودة، قياس مخرجات التعلم، إدارة الاعتماد الأكاديمي، مراجعة البرامج الأكاديمية، إدارة البرامج والمقررات، إدارة الاستبانات، وتقويم جودة المقررات.
وبهذه المناسبة علق المهندس عبد الله الطريفي، نائب الرئيس التنفيذي لشركة نسيج: “إن تمكين جامعة جدة بإمكانيات التحول الرائعة لمنصة مداد للفاعلية المؤسسية هو عربون على التفاني الثابت لشركة نسيج للتكنولوجيا في تشكيل مستقبل التعليم. معًا، نبدأ رحلة الابتكار والتميز، ونرسم معايير جديدة للفاعلية المؤسسية، مع إعادة تأكيد التفاني الخاص بنا في تحضير قادة الغد”.
– انتهى –
نبذة عن جامعة جدة:
جامعة جدة، التي أُسست في عام 2014، تبرز كإحدى المؤسسات الأكاديمية الحديثة في المملكة العربية السعودية، مستوحاة من رؤية رائدة تهدف إلى أن تكون الخيار الأول لقادة المستقبل. ملتزمة بمبادئ رؤية المملكة 2030، تم تصميم هيكل الجامعة لتعزيز التميز والتفرد، لمواكبة برامجها الأكاديمية مع التطورات المستقبلية المتوقعة. ومع التأكيد على تحضير جيل من العلماء والقادة الرائدين، تتمتع الخطة الاستراتيجية للجامعة بوضع استراتيجي يهدف إلى قيادة أهدافها وعمليات تطويرها، عبر توفير المعرفة والمهارات الضرورية للخريجين لمسارات مهنية فريدة في ميادين متنوعة، مسهمةً بشكل كبير في الخطة الوطنية لتطوير الاقتصاد والمجتمع والتقدم التربوي.
نبذة عن نسيج:
اكتسبت شركة نسيج، منذ عام 1989، ثقة مئات العملاء الكبار، مثل المؤسسة العامة للتدريب التقني والمهني، مكتبة محمد بن راشد، جامعة الأميرة نورة بنت عبد الرحمن، STC، جامعة الكويت، وزارة التجارة والاستثمار، وغيرها من الشركات والجامعات والمؤسسات الاكاديمية. وعلاوةً على ذلك دخلت نسيج عبر هذه السنوات في شراكات مع مؤسسات كبيرة عالمية. ويأتي على رأس المنتجات والخدمات التكنولوجية التي تقدمها نسيج منصات مداد السحابية، التي صممتها الشركة لتمكين المؤسسات الأكاديمية، والهيئات الحكومية، والشركات التجارية من التنسيق بين عملياتها الاكاديمية والإدارية والتدريبية، بالإضافة إلى تمكينها من تسريع مسيرة التحول الرقمي المستند إلى الابتكار المؤسسي. وتحت مظلة منصة مداد السحابية توفر نسيج حزمة كبيرة من الحلول التكنولوجية التي أحدثت تطوراً كبيراً في منهجيات عمل التعليم والتَعَلَم، ومن بينها منصة مداد للتعلم والتدريب الإلكتروني وهي منصة تعلم متكاملة توفر للمؤسسة التعليمية بيئة شاملة لتقديم برامج التعليم الإلكتروني والمدمجة على الإنترنت لجميع الطلاب، كما توفر حزمة فريدة تجمع بين أهم الأدوات للتعليم العالي مع أعلى مستويات الأمن والحماية وتوفير التكاليف مع الموثوقية التي تضمن تشغيل الأنظمة في ساعات الذروة.
"
https://www.naseej.com/ar/news-ar/2023/12/%d8%b9%d9%87%d8%af-%d8%ac%d8%af%d9%8a%d8%af-%d9%84%d9%84%d8%aa%d9%85%d9%8a%d8%b2-%d9%88%d8%a7%d9%84%d8%a7%d8%a8%d8%aa%d9%83%d8%a7%d8%b1-%d9%85%d8%b1%d9%83%d8%b2-%d8%a7%d9%84%d8%a3%d9%85%d9%8a%d8%b1/,عهد جديد للتميز والابتكار: مركز الأمير سلطان للدراسات والبحوث الدفاعية يختار منصة مداد لإدارة التدريب,"ديسمبر 21, 2023","الرياض، المملكة العربية السعودية – سبتمبر ٢٠٢٣
تأكيدًا منها بأن الابتكار السعودي يتقدم بخطًى واثقة نحو آفاقٍ رحبة من الإنجاز تعلن شركة نسيج للتقنية، الشركة الرائدة في مجال حلول التحول الرقمي، عن اختيارها من قبل مركز الأمير سلطان للدراسات والبحوث الدفاعية لتزويدهم بمنصة مداد لإدارة التدريب وباقة من الدورات التدريبية الجاهزة. إنها خطوة فارقة في مسيرة تمكين الكوادر السعودية، إذ تتولى نسيج زمام المبادرة في إحداث ثورة في نهج المؤسسات تجاه تدريب الموظفين والتعلم المستمر والتطوير وتحسين الأداء.
وتضع هذه الشراكة لبنة راسخة لتعزيز البحث النوعي والتقني المتعلق بالمجالات الدفاعية والأمنية والاستراتيجية والتقدم في تدريب الموظفين، وهي شهادة على التزام نسيج الراسخ بتقديم حلول مبتكرة تخطو حدود المألوف. ويهدف التعاون بين نسيج ومركز الأمير سلطان في مجال البحث والتطوير إلى بناء القدرات وتطويرها في مجال بحوث الدفاع، من خلال تزويدهم بأحدث حلول المعرفة والتقنيات المتطورة.
وفي إطار هذا التعاون، ستزود شركة نسيج مركز الأمير سلطان للدراسات والبحوث الدفاعية بمنصة مداد السحابية لإدارة التدريب وهي منصة مبتكرة مصممة لتمكين الجهات الحكومية والمؤسسات كافة من تبسيط وتحسين وتنظيم وإدارة برامجها التدريبية بكفاءة. كما ستوفر المنصة الوصول السهل والآمن إلى المواد التدريبية بالإضافة إلى توحيد سجلات التدريب والتقييم، مما يخلق قاعدة بيانات شاملة للبيانات الأساسية. وبموجب هذه الشراكة ستعمل المنصة على تسهيل التعاون والتعلم عن بعد، مما يسمح للمتعلمين بالمشاركة في الأنشطة التعليمية في بيئة تعليمية افتراضية تمكن الموظفين من مختلف الأماكن من الاستفادة من الدورات التدريبية لمركز الأمير سلطان. ويشمل نطاق الاتفاقية إعداد 450 موظفًا للتسجيل في منصة إدارة التدريب من مداد، مما يتيح لهم الوصول إلى دورات تدريبية جاهزة من شأنها تبسيط عملية التدريب وخفض التكاليف والمساهمة في تحقيق الأهداف الاستراتيجية للمركز.
وعلق المهندس عثمان العبد الكريم، الرئيس التنفيذي لشركة نسيج، على هذا المشروع قائلًا: “يشرفنا للغاية أن يتم اختيارنا من قبل مركز الأمير سلطان للدراسات والبحوث الدفاعية شريكًا لهم في تعزيز إنتاجية المركز ورفع مستوى كفاءة التدريب. حيث صممت منصة إدارة التدريب من مداد لتمكين المؤسسات من التطوير الفعال لمهارات الموظفين ومعارفهم وأدائهم، ونحن على ثقة من أن هذا التعاون سيكون له دور فعال في تحقيق أهداف التطور المستمر ودعم الأهداف الاستراتيجية للمملكة.”
– انتهى –
نبذة عن مركز الأمير سلطان للدراسات والبحوث الدفاعية:
يهدف مركز الأمير سلطان للدراسات والبحوث الدفاعية إلى تعزيز ودعم توجهات المملكة الدفاعية والأمنية من خلال إجراء وتطوير البحوث النوعية والتقنية المرتبطة بالمجالات الدفاعية والأمنية والاستراتيجية، وفقًا للخطط والاستراتيجيات التي تضعها الهيئة العامة للتطوير الدفاعي، لتحقيق رؤيتها في أن يصبح مركزًا وطنيًّا رائدًا في مجال البحوث والابتكارات التقنية لتعزيز ودعم توجهات المملكة الدفاعية والأمنية والاستراتيجية وتحقيق السيادة الوطنية على الأنظمة والمعدات الدفاعية التي تعد هدفًا استراتيجيًّا مرتبطًا أيضًا بمدى القدرة على بناء القدرات والكفاءات الوطنية القادرة على توظيف التقنيات الحديثة وتوطينها وتطويرها”.
 
نبذة عن نسيج:
نسيج هي شركة رائدة في مجال توفير حلول المعرفة في العالم العربي، حيث تخدم المؤسسات الأكاديمية والمراكز الثقافية والهيئات الحكومية منذ عام 1989. تقدم نسيج حلولاً وخدمات عالمية المستوى تمكن شركاءها من إدارة المعرفة ومشاركتها والاستفادة من أحدث حلول تقنية المعلومات لتحقيق أهداف أعمالهم. ولطالما ركزت رؤيتنا في نسيج على تسخير التحول الرقمي في إدارة التعلم والمعرفة لتحقيق تجربة ثرية للمستفيد وتقليل العبء على المؤسسات بما يمكنهم من التركيز على تحقيق أهدافهم الإستراتيجية، وتنعكس هذه الرؤية في حلول نسيج وخدماتها المختلفة المصممة لتلبية احتياجات المؤسسات والأفراد.
يضم فريق نسيج أكثر من 400 متخصص ذو مهارة عالية في المعرفة وتكنولوجيا المعلومات وتطوير الأعمال، يتعاونون ويعملون معًا لتقديم حلول وخدمات متطورة تشمل: حلول إدارة المعرفة وأنظمة إدارة المكتبات، وحلول وخدمات التعليم الإلكتروني، وحلول الإدارة الأكاديمية، وحلول تطوير المواقع والبوابات الرقمية. ومن خلال الفهم العميق للاحتياجات والتحديات الإقليمية على مدى عقدين من الزمن، تمكنت نسيج من بناء شراكة وثيقة مع عملائها. وقد دفعهم هذا الالتزام بالنجاح المتبادل، المدعوم بالكفاءة التقنية والتميز التشغيلي، ليصبحوا قوة رائدة ومبتكرة معترف بها من قِبل جوائز مرموقة.
 
"
https://www.naseej.com/ar/news-ar/2023/10/empowering-digital-ecosystems-saudi-export-development-authority-and-naseej-for-technology-at-gitex-global-2023-dubai-world-trade-center-on-october-16-20-2023/,,"أكتوبر 16, 2023","
الرياض، المملكة العربية السعودية ─ .. أكتوبر 2023
يسر نسيج للتقنية – الشركة الرائدة في تقديم حلول إدارة التَعَلُم والمعرفة بالشرق الأوسط – أن تعلن عن مشاركتها في معرض جايتكس جلوبل دبي للتقنية والاتصالات، أكبر حدث للتكنولوجيا وأكثرها شموليةً على مستوى العالم، والذي سيقام في الفترة من 16 إلى 20 أكتوبر 2023 بمركز دبي التجاري العالمي، دبي، الإمارات العربية المتحدة.
وإذ تواصل نسيج تكريس كافة إمكاناتها وخبراتها لتمكين المؤسسات، بمختلف أنواعها وأحجامها، من تحقيق النجاح في عالم اليوم الرقمي، تفتخر الشركة بالمشاركة في هذا الحدث التقني الكبير، بالتعاون مع هيئة تنمية الصادرات السعودية. وسوف تقوم نسيج في جناحها، الذي يستضيفه جناح هيئة تنمية الصادرات السعودية، بعرض أحدث الحلول والخدمات والإبتكارات التي تدعم التحول الرقمي وتسلط الضوء على مستقبل التكنولوجيا. ونتشرف بدعوة زوار جناح نسيج الى التواصل مع خبرائنا، ومشاهدة العروض الحية التي نقدمها عن حلولنا وخدماتنا، واستكشاف عروض نسيج المتعددة والاطلاع على قدرتها على وضعِ التحولِ الرقمي موضعَ التنفيذ.
ويأتي دعم هيئة تنمية الصادرات السعودية لهذا الحدث التقني الكبير في إطار الدور الكبير الذي تقوم به في تشجيع الصادرات السعودية، بما يعزز مكانة المملكة في الأسواق الإقليمية والدولية، ومن ثم يسهم في زيادة حصة الصادرات السعودية في الأسواق الدولية، بما يؤدي إلى زيادة إسهام القطاع الخاص السعودي في الناتج المحلي الإجمالي، وزيادة نسبة الصادرات غير النفطية بحلول عام 2030.
وسوف يشهد معرض جايتكس جلوبل دبي للتقنية والاتصالات حضور حشد وافر من الزائرين من خلفيات متباينة، بينهم عددٌ كبير من الأكاديميين، و وخبراء التكنولوجيا وتكنولوجيا المعلومات على وجه الخصوص، والمهنيين ورجال الأعمال، ورواد الأعمال، الأمر الذي سيحول هذا الحدث التقني الى موقع مثالي لتنمية العلاقات، وإجراء المناقشات المباشرة حول دور التكنولوجيا في إحداث التحول الرقمي المنشود. ومن المقرر أن يناقش المعرض عدداً من الموضوعات والتحديات، أبرزها الحوسبة السحابية، الاتصالات المتقدمة، الذكاء الاصطناعي التطبيقي، الذكاء الاصطناعي  التوليدي، مستقبل النقل والمواصلات، تقنيات الواقع الغامر، الأمن السيبراني، الويب 3.0، تقنيات الكم، التحول الكهربائي ومصادر الطاقة المتجددة، وتكنولوجيا المناخ.
وسوف يتوفر لزائري جناح نسيج بالمؤتمر فرصة كبيرة للتواصل المباشر مع خبرائنا، واكتساب رؤى قيمة حول حلول التحول الرقمي المبتكرة من نسيج، ومن بينها:

منصة مداد للفاعلية المؤسسية: منصة سحابية تسخر التكنولوجيا لدعم الأداء المؤسسي والجودة والكفاءة، وهي تلبي احتياجات مؤسسات التعليم العالي من خلال جمع وظائف الفاعلية المؤسسية − التخطيط الاستراتيجي، تقويم مخرجات التعلم، الاعتماد الأكاديمي، مراجعة البرامج، التقارير − في منصة واحدة متكاملة.
منصة مداد لإدارة التعلم: منصة تعلم سحابية متكاملة توفر للمؤسسة التعليمية بيئة شاملة لتقديم برامج التعليم الإلكتروني والمدمجة على الإنترنت لجميع الطلاب. وتقدم المنصة حزمة فريدة تجمع بين أهم الأدوات والأنظمة للتعليم العالي مع أعلى مستويات الأمن والحماية، حيث توفر نظام التعلم الإلكتروني أو بيئة التعلم، مستودع الوحدات التعليمية، ادارة انجازات الطلبة، الفصول الافتراضية، التقارير والتحليل، والتعلم النقال.
منصة مداد لإدارة التدريب: مركز شامل ومتكامل لعمليات تدريب الموظفين يوفر للشركات التجارية والهيئات الحكومية والمؤسسات المهنية ومؤسسات التعليم العالي حلولاً سحابية متطورة في مجالي التدريب والإدارة تساعدها على تحسين أماكن عمل الموظفين، وتطوير عمليات تدريب الموظفين تطويراً شاملاً. وهي تشتمل على عددٍ من الخصائص الأساسية: إدارة البرامج التدريبية، الوحدات والأنشطة التدريبية، نظام التحليل المتطور، عمليات التقييم واستطلاعات الرأي، الفوترة والتسجيل عبر الإنترنت، ادارة التوثيق، والفصل الافتراضي..
حلول مداد لإدارة الحرم الجامعي: حزمة شاملة من حلول الإدارة الأكاديمية التي تضمن للمؤسسة الأكاديمية تحقيق أعلى عائد عبر زيادة معدل نجاح الطلاب. وفي هذا الإطار دخلت نسيج في شراكات عديدة مع مؤسسات عالمية رائدة في مجال توفير أنظمة إدارة الحرم الجامعي بحيث تقدم للجامعات والمؤسسات الأكاديمية في المنطقة باقة من الحلول المتطورة والمتكاملة التي تمكنها من تعزيز كفاءة عملياتها الاكاديمية اليومية، مثل نظام مداد لمعلومات الطلاب، ومداد للقبول، وإدارة سير العمل، وغيرها.
مراقبة الاختبارات من مداد: حلٌ متطور قابل للتوسع وسهل يستخدم تقنية الذكاء الاصطناعي في تحليل مشاركة المُتَعَلِم بشكل فوري بما يضمن للمستخدمين تجربةً رقمية سلسةً في التَعَلُم وأداء الاختبارات عن بُعـد بمنتهى الثقة والطمأنينة. إن أداة المراقبة والتسجيل والمراجعة تضمن المرونة في أداء الاختبارات في أي وقت وأي مكان مع الحفاظ على موثوقية ونزاهة الاختبار.
“إتقان” المُعَلَم الافتراضي من مداد: حلٌ مبني على الذكاء الاصطناعي، يقدم دعماً شاملاً للمُتَعَلِمين، بدءاً بالمقاطع المرئية التعليمية التي تستند على احتياجاتهم وتلبيتها، ومروراً بالاختبارات والتدريبات، مُتَبِعاً في ذلك أساليب تَعَلُم مختلفة ومحققاً أهدافاً متعددة. ويمكن للمُعَلَم الافتراضي من مداد أن يستخدم المحتوى المُخَصَص والأدوات التفاعلية لتحسين تجربة التَعَلُم للمستخدمين في كافة المراحل والمستويات.
خدمات تطوير محتوى التعلم الإلكتروني المخصص: خدمات تتيح للمؤسسة إمكانية تخصيص المحتوى التعليمي الذي تقدمه للموظفين والمتدربين والطلاب بما يحقق هدفها في رفع مهارات القوى العاملة وتعزيز الإنتاجية، وهي خدمة توفرها نسيج للعملاء من خلالها فريقَ عمل يساعدهم في تخطيط وتحرير وتصميم محتوى تعلمٍ إلكتروني موثوق وهادف وثري يشتمل على مختلف الوسائل المساعدة من سيناريوهات التعلم، وفيديوهات، ورسوم متحركة، وعناصر تفاعلية، وتطبيقات المحاكاة التفاعلية، وآليات الألعاب بما يدعم قدرة الطلاب على الاستيعاب وحفظ المعلومات.

وتعليقاً على مشاركة نسيج في معرض جايتكس جلوبل دبي للتقنية والاتصالات قال المهندس عبد الله الطريفي، نائب رئيس الشركة أن “مشاركتنا في جايتكس جلوبل 2023، الذي يُعَدُ حدثاً مهماً يسلط الضوء على المستقبل، تتسق مع التزام نسيج بتمكين المؤسسات، بمختلف أنواعها، بالمملكة العربية السعودية والشرق الأوسط، من استكمال مسيرة التحول الرقمي. وفي نسخته الـ 43 يجمع المعرضُ تحت سقف واحد الشركاتِ المتطورة، وقادة الصناعة، والمهتمين بالتكنولوجيا، ليرسموا خارطة التكنولوجيا في المستقبل، هنا دور نسيج لعرض حلول مداد السحابية التي طورتها الشركة لتسهم في تشكيل المشهد الرقمي للمنطقة بأسرها من خلال أحدث المبتكرات والتطورات التكنولوجية”.
واستطرد المهندس عبد الله الطريفي قائلاً: “نحن، في نسيج، مدركون للزيادة المستمرة في استخدام الذكاء الاصطناعي على الصعيد العالمي على نحو بات يؤثر على كافة نواحي الحياة المعاصرة، كما ندرك أن الذكاء الاصطناعي هو الموضوع الرئيسي الذي يتصدر معرض جايتكس جلوبل في نسخته الحالية”. وأضاف موضحاً “في هذا السياق، نفتخر بأن نكون في طليعة هذا المشهد من خلال وسائل متعددة منها، على سبيل المثال، شراكتنا مع (فورهات روبوتيكس)، الشركة الرائدة في تصميم وتصنيع وتشغيل الروبوتات الاجتماعية والذكاء الاصطناعي الحواري، التي تستهدف توفير تجربة تفاعلية وجذابة لقاعدة عملاء نسيج، وتسريع وتيرة تبني تقنيات الذكاء الاصطناعي في منطقة الشرق الأوسط. كما أطلقت نسيج مؤخراً نموذج الذكاء الاصطناعي المُبتَكر باللغة العربية “نون”، كمبادرة مفتوحة المصدر تتيح للمطورين العرب أن يدفعوا قاطرةَ التطورِ في مجال الذكاء الاصطناعي باللغة العربية، ويطوروا المزيد من منتجات وعروض الذكاء الاصطناعي المستندة إلى اللغة العربية في مختلف أنحاء المنطقة”.
–انتهى–
نبذة عن جيتكس جلوبل
معرض جيتكس كان ولا يزال دائماً مركزاً للتقارب، حيث تلتقي شركاتُ التكنولوجية العملاقة مع الشركاتِ الناشئة والمبتكرين وهواة التكنولوجيا لتبادل الأفكار واستكشاف الإمكانات المتاحة على صعيد التكنولوجيا، وحيث تُتَخَذ المبادراتُ على المستويين المحلي والإقليمي بما يجعل من الشرق الأوسط لاعباً رئيسياً في مضمار التقدم التكنولوجي. وخلال الفترة من 16 إلى 20 أكتوبر 2023، في مركز دبي التجاري العالمي، سوف يجمع جايتكس جلوبال دبي 2023، الحدثُ التقني الكبير في الشرق الأوسط وشمال أفريقيا وجنوب افريقيا، المبتكرين وقادة الصناعة وهواة التكنولوجيا من جميع أنحاء العالم ليقوموا باستكشاف التطورات المذهلة، ويبحثوا الاتجاهات المُستَجَدَة، ويتولوا تشكيل المشهد الرقمي. وفي نسخته الثالثة والأربعين سوف يفتح جايتكس جلوبل – معرض التكنولوجيا الأبرز على مستوى العالم ─ الطريق أمام مبدعي التكنولوجيا والمستثمرين والهواة أن يتعاونوا على مدى العقود الأربعة القادمة.
نبذة عن هيئة تنمية الصادرات السعودية
هيئة تنمية الصادرات السعودية هي هيئة وطنية مستقلة تتمثل رسالتُها في دعم ومساندة المصدرين في مسيرتهم للنفاذ الى الأسواق المُستَهدَفة والمنافسة فيها، كما تتلخص رؤيةُ الهيئة في دفع التنمية المستدامة للصادرات غير النفطية بالمملكة العربية السعودية. وتسعى هيئة تنمية الصادرات السعودية الى تحقيق أهدافها الطموحة عبر خمسة محاور في منظومة الصادرات السعودية، وهي تيسير المسيرة المتكاملة للمصدرين عبر تحسين المناخ العام للصادرات، رفع قدرات المصدرين وجاهزيتهم لمواجهة التحديات العالمية وتحسين تنافسيتهم في السوق، تحسين الصورة الذهنية والعلامة التجارية لصادرات المملكة بهدف تعزيز مكانتها في الأسواق العالمية، تحديد وإنشاء وتطوير فرص الأعمال على المستوى الدولي، وربط المصدرين بالمشترين، بالإضافة الى تعزيز ثقافة التميز المؤسسي، والتعاون، وإعطاء الأولوية للعميل ودفع مسيرة الرقمنة بما يمكن من تقديم أفضل الخدمات المبتكرة في فئتها.
 
نبذة عن نسيج:
   اكتسبت شركة نسيج، منذ عام 1989، ثقة مئات العملاء الكبار، مثل المؤسسة العامة للتدريب التقني والمهني، مكتبة محمد بن راشد، جامعة الأميرة نورة بنت عبد الرحمن، STC، جامعة الكويت، وزارة التجارة والاستثمار، وغيرها من الشركات والجامعات والمؤسسات الاكاديمية. ويأتي على رأس المنتجات والخدمات التكنولوجية التي تقدمها نسيج منصات مداد السحابية، التي صممتها الشركة لتمكين المؤسسات الأكاديمية، والهيئات الحكومية، والشركات التجارية من التنسيق بين عملياتها الاكاديمية والإدارية والتدريبية، بالإضافة إلى تمكينها من تسريع مسيرة التحول الرقمي المستند إلى الابتكار المؤسسي. وتحت مظلة منصة مداد السحابية توفر نسيج حزمة كبيرة من الحلول التكنولوجية التي أحدثت تطوراً كبيراً في منهجيات عمل التعليم والتَعَلَم، ومن بينها منصة مداد للتعلم والتدريب الإلكتروني وهي منصة تعلم متكاملة توفر للمؤسسة التعليمية بيئة شاملة لتقديم برامج التعليم الإلكتروني والمدمجة على الإنترنت لجميع الطلاب، كما توفر حزمة فريدة تجمع بين أهم الأدوات للتعليم العالي مع أعلى مستويات الأمن والحماية وتوفير التكاليف مع الموثوقية.
 
"
https://www.naseej.com/ar/news-ar/2023/12/to-transform-employee-skills-and-achieve-excellence-zakat-tax-and-customs-authority-chooses-medad-learning-and-training-management-platform/,هيئة الزكاة والضريبة والجمارك تختار منصة مداد السحابية لإدارة التَعَلُم والتدريب في رحلة تطوير المهارات والتفوق,"ديسمبر 18, 2023","الرياض، المملكة العربية السعودية ─ .. ديسمبر 2023
يسر شركة نسيج للتقنية ─ الشركة الرائدة في توفير حلول التحول الرقمي في إدارة التعلم والمعرفة بالمملكة العربية السعودية والشرق الأوسط ─ أن تعلن عن توقيع عقد شراكة مع هيئة الزكاة والضريبة والجمارك السعودية يتضمن تنفيذ مشروع إدارة وتطوير الَتَعُلم والتدريب الإلكتروني لموظفيها بما يُمَكِنُ الهيئة من مواصلة أداء رسالتها المتمثلة في إدارة المنظومة الزكوية والضريبية والجمركية السعودية بفعالية، وتيسير التجارة، بهدف تمكين استدامة الاقتصاد وازدهار المجتمع السعودي بما يضع الهيئة في مكانتها اللائقة كنموذج عالمي في حماية الوطن.
وبموجب اتفاقية الشراكة تفتخر نسيج بأن تقدم لهيئة الزكاة والضريبة والجمارك منصة مداد السحابية لإدارة التَعَلُم والتدريب، وهي منصة سحابية متكاملة توفر مزايا متنوعة أهمها: القدرة على التكيف وقابلية التوسع والأتمتة، توفير وجهة مستخدم سهلة، سهولة الاستخدام والتنقل بين الوظائف المختلفة، توفير مستوى عالٍ من أمن البيانات وحمايتها، القدرة على الاندماج مع الأنظمة والحلول والمنصات الأخرى، القدرة على إعداد التقارير وإصدار الشهادات، إمكانية تنظيم محتوى التعلم الإلكتروني في مكان واحد. ويؤدي تبني هذه المنصة السحابية الى تحقيق نتائج إيجابية من بينها تحسين أماكن عمل الموظفين وإتاحة وصولهم للمنصة بمنتهى السهولة، التطوير الشامل لعمليات تدريب منسوبي الهيئة، إضفاء السلاسة والسهولة والجاذبية والثراء على تجربة تعلم وتدريب الموظفين، وتسهم في تعزيز فهم المتدربين وتحفيزهم. كما ويتيح هذا التعاون للهيئة الاستفادة من خبرة نسيج للتقنية في مجال التكنولوجيا التعليمية لتحسين جودة التعليم الإلكتروني ورفع الكفاءة الوظيفية والإنتاجية للهيئة.
وبموجب العقد المُبرَم بين الجانبين تتولى نسيج توفير الاشتراك في منصة مداد السحابية لإدارة التَعَلُم والتدريب على أن يشمل ذلك توفير طائفة واسعة من الأنظمة وهي: بيئة التدريب الإلكترونية، الفصول الافتراضية، الفصول الدراسية، التَعَلُم النقال، إدارة التدريب، التقارير والتحليلات (لوحة معلومات لكل من المتعلم والمدير والإدارة)، الى جانب توفير إدارة رقمية لمراقبة الاختبارات عن بعد، وخصائص ربط البرامج التدريبية بالكفاءات المستهدفة، وإمكانية إنشاء سلسلة اعتمادات من قِبَل مستخدم الإدارة.
وعلاوة على ذلك تغطي اتفاقية الشراكة عدداً من الالتزامات من جانب شركة نسيج اتجاه هيئة الزكاة والضريبة والجمارك تشمل: تنفيذ وأقلمة نظام التدريب الإلكتروني بناءً على نموذج SaaS على البيئة السحابية داخل المملكة العربية السعودية، تصميم واجهات منصة مداد السحابية لإدارة التعلم والتدريب وفق هوية ومتطلبات الهيئة على أن تدعم اللغة العربية بالإضافة إلى اللغة الإنكليزية، ضمان دعم نظام الدخول الموحد للهيئة ZATCA SSO، مع ضمان الربط مع الأنظمة الداخلية للهيئة ومنصات التَعَلُم الإلكترونية الأخرى بطريقة آمنة ومتوافقة مع متطلبات الأمن المعلوماتي والسيبراني.
وبهذه المناسبة وصف رئيس شركة نسيج، المهندس عثمان العبد الكريم، هذه الشراكة بأنها “تأتي ضمن استراتيجية نسيج الثابتة في تمكين التحول الرقمي بالمملكة ومنطقة الشرق الأوسط، حيث تستثمر الاتفاقيةُ خبرةَ نسيج الطويلة في مضمار تكنولوجيا التعليم الرقمي لتزويد هيئة الزكاة والضريبة والجمارك بمنصة سحابية متكاملة لإدارة التعلم والتدريب تعمل على تعزيز فهم المتدربين وتحفيزهم، وتطوير مستوى المعرفة والمهارات لدى منسوبي الهيئة، بما يسهم في تحقيق أهداف الأعمال والنمو المستدام”.
— انتهى —
نبذة عن هيئة الزكاة والضريبة والجمارك
حجرُ أساسٍ وضِعَ بعد صدور قرار مجلس الوزراء، القاضي بدمج “الهيئة العامة للزكاة والدخل” و”الهيئة العامة للجمارك” في كيانٍ واحد؛ يعمل على جباية الزكاة وتحصيل الضرائب والرسوم الجمركية، وتحقيق أعلى درجات الالتزام من المكلفين وفقًا لأفضل الممارسات وبكفاية عالية، وتمكين المملكة من أن تكون مركزًا لوجستيًا عالميًا عبر تيسير التجارة وحماية الأمن الوطني، وتنظيم جميع الأنشطة المتعلقة بالعمل الجمركي والمنافذ الجمركية، وإدارتها، بما يكفل النهوض بمستواها إلى أقصى درجة من الكفاية والإنتاجية والتنافسية؛ وذلك من خلال تقديم خدمات عالية الجودة يتم فيها التركيز على العميل وخدمته وفق أفضل الممارسات.
نبذة عن نسيج
اكتسبت شركة نسيج، منذ عام 1989، ثقة مئات العملاء الكبار، مثل المؤسسة العامة للتدريب التقني والمهني، مكتبة محمد بن راشد، جامعة الأميرة نورة بنت عبد الرحمن، STC، جامعة الكويت، وزارة التجارة والاستثمار، وغيرها من الشركات والجامعات والمؤسسات الاكاديمية. وعلاوةً على ذلك دخلت نسيج عبر هذه السنوات في شراكات مع مؤسسات كبيرة، وغيرها من كبريات الشركات العالمية. ويأتي على رأس المنتجات والخدمات التكنولوجية التي تقدمها نسيج منصات مداد السحابية، التي صممتها الشركة لتمكين المؤسسات الأكاديمية، والهيئات الحكومية، والشركات التجارية من التنسيق بين عملياتها الاكاديمية والإدارية والتدريبية، بالإضافة إلى تمكينها من تسريع مسيرة التحول الرقمي المستند إلى الابتكار المؤسسي. وتحت مظلة منصة مداد السحابية توفر نسيج حزمة كبيرة من الحلول التكنولوجية التي أحدثت تطوراً كبيراً في منهجيات عمل التعليم والتَعَلَم، ومن بينها منصة مداد للتعلم والتدريب الإلكتروني وهي منصة تعلم متكاملة توفر للمؤسسة التعليمية بيئة شاملة لتقديم برامج التعليم الإلكتروني والمدمجة على الإنترنت لجميع الطلاب، كما توفر حزمة فريدة تجمع بين أهم الأدوات للتعليم العالي مع أعلى مستويات الأمن والحماية وتوفير التكاليف مع الموثوقية التي تضمن تشغيل الأنظمة في ساعات الذروة.
"
