Main page number,url,title,Page_info,Body
1,https://www.spa.gov.sa/N2018136,عام / اختتام فعاليات الدورة الأربعين لمجلس وزراء الإسكان العرب,طرابلس 8 جمادى الآخرة 1445 هـ الموافق 21 ديسمبر 2023 م واس," اختتمت في العاصمة الليبية، اليوم، أعمال المنتدى الوزاري العربي الخامس للإسكان والتنمية الحضرية بعنوان ""توطين أهداف التنمية المستدامة من أجل الإعمار ومواجهة الكوارث"".  وأكد المنتدى في توصيات أصدرها في ختام أعماله، وضع التنمية الحضارية المستدامة في قلب خطط التنمية الإستراتيجية للدول العربية من خلال نهج متكامل يأخذ في الاعتبار الأبعاد الاقتصادية والاجتماعية والبيئية للتنمية تماشياً مع أهداف التنمية المستدامة والخطة الحضارية الجديدة والإستراتيجية العربية للإسكان والتنمية الحضارية المستدامة 2030.  وشدد على ضرورة عمل الحكومات الوطنية والإقليمية والمحلية معاً من أجل الاستجابة للتحديات المتزايدة والمترابطة سواءً أزمات اقتصادية أو مناخية أو الكوارث بجميع مظاهرها.  وأوصى المنتدى بالاستفادة من عملية إعادة الإعمار وفرص إعادة البناء بشكل أفضل وإنشاء مدن مستدامة وشاملة وآمنة ومرنة بالمنطقة العربية من خلال دمج الابتكار الرقمي والحلول القائمة على الطبيعة والتصميم على نطاق الإنسان.  ودعا المنظمات العربية والدولية المانحة إلى دعم جهود التعافي وإعادة الإعمار في البلدان المتأثرة بالأزمات.  ودان المنتدى العدوان الإسرائيلي على قطاع غزة الذي أوقع آلاف الشهداء والجرحى من الشعب الفلسطيني وخلف دماراً كبيراً أسفر عنه تداعيات هائلة على قطاع الإسكان والبنية التحتية."
1,https://www.spa.gov.sa/N2018134,سياسي / الرئيس الموريتاني يلتقي المدير العام لمنظمة العالم الإسلامي للتربية والعلوم والثقافة,نواكشوط 08 جمادى الآخرة 1445 هـ الموافق 21 ديسمبر 2023 م واس," التقى الرئيس الموريتاني محمد ولد الشيخ الغزواني، اليوم، المدير العام لمنظمة العالم الإسلامي للتربية والعلوم والثقافة،"" الإيسيكو"" معالي الدكتور سالم بن محمد المالك الذي يزور نواكشوط حالياً.  وجرى خلال اللقاء مناقشة بعض المسائل التي تهم جوانب متعددة من التعاون بين موريتانيا ومنظمة العالم الإسلامي للتربية والعلوم والثقافة."
1,https://www.spa.gov.sa/N2018125,رياضي / انطلاق أول بطولة لقفز الحواجز بتبوك,تبوك 08 جمادى الآخرة 1445 هـ الموافق 21 ديسمبر 2023 م واس," انطلقت اليوم بمدينة تبوك أول بطولة لقفز الحواجز بالمنطقة، بمبادرة من فرع وزارة الرياضة في المنطقة وتحت مضلة الاتحاد السعودي للفروسية، بمشاركة 18 فارسًا وفارسةً, وتستمر على مدى يومين, وذلك على مربط الثنيانة بتبوك.  وشهدت البطولة في يومها الأول إقامة شوطين لفئة المبتدئين بارتفاعات الحواجز 70-80سم, وفئة الهواة وبارتفاعات الحواجز 90- 100 سم, حيث حقق المركز الأول في فئة المبتدئين الفارس عبدالإله الشهراني والمركز الثاني مقرن مشبب الشهراني والثالث معاذ الرحماني, وفي فئة الهواة حقق الفارس عبدالرحمن المرشد المركز الأول, وحقق الفارس عبدالله الغامدي المركز الثاني, وحل الفارس محمد الشهري في المركز الثالث.  وأوضح مدير فرع وزارة الرياضة بالمنطقة عبدالعزيز بن محمد بن عبود أن هذه المبادرة تهدف إلى تعزيز فرص انتشار رياضات الفروسية وزيادة أعداد الفرسان وملاك الخيل بالمنطقة، مشيراً إلى أن رياضات الفروسية وقفز الحواجز تحديداً تحتل مساحة خاصة في نفوس الجماهير في المملكة، وترتبط بالكثير من المنجزات."
1,https://www.spa.gov.sa/N2018124,رياضي / الهلال يتغلب على ضيفه أبها بسباعية في الجولة 18 من الدوري السعودي,الرياض 08 جمادى الآخرة 1445 هـ الموافق 21 ديسمبر 2023 م واس," تمكن فريق الهلال من تحقيق فوز كبير على حساب أبها، قوامه سبعة أهداف دون رد، في اللقاء الذي جمعهما مساء اليوم، ضمن منافسات الجولة الـ 18 من الدوري السعودي للمحترفين ""دوري روشن 2023 - 2024""، على ملعب الأمير فيصل بن فهد.  أهداف الهلال السبعة سجلها لاعب الوسط الصربي سيرجي ميلينكوفيتش سافيتش، عند الدقيقة 17، وأحرز المهاجم الصربي ألكسندر ميتروفيتش ثاني أهداف الهلال عند الدقيقة 24 من ركلة جزاء، وتمكن سالم الدوسري من تسجيل الهدف الثالث لصالح الهلال بالدقيقة 72، وشهدت الدقيقة 79 تسجيل الهدف الرابع للهلال عن طريق سيرجي سافيتش، وجاء الهدف الخامس بواسطة لاعب الوسط محمد كنو، في الدقيقة 82، وأحرز البرتغالي روبن نيفيز، الهدف السادس بالدقيقة 85، واستطاع سافيتش أن يسجل الهدف الثالث له والسابع للهلال في شباك أبها، في الدقيقة 96 والأخيرة من عمر اللقاء.  ورفع الهلال رصيده بهذا الفوز إلى 50 نقطة في صدارة ترتيب فرق الدوري، بينما تجمد رصيد أبها عند 14 نقطة في المركز الـ 16."
1,https://www.spa.gov.sa/N2018123,اقتصادي / المملكة تشارك كضيف شرف في حفل جائزة الرؤية الاقتصادية 2023 المقام في سلطنة عمان,الرياض 08 جمادى الآخرة 1445 هـ الموافق 21 ديسمبر 2023 م واس, شاركت المملكة اليوم، كضيف شرف في حفل جائزة الرؤية الاقتصادية 2023 المقام في سلطنة عمان، ممثلةً برئاسة معالي وزير الاقتصاد والتخطيط الأستاذ فيصل بن فاضل الإبراهيم لوفد المملكة.  وتهدف الجائزة إلى إبراز المشاريع والمبادرات الاقتصادية الناجحة في سلطنة عمان، وتم تكريم الشركات السعودية الراعية للفعالية.
1,https://www.spa.gov.sa/N2018122,ثقافي / الهيئة الملكية بينبع تدشّن المركز الثقافي بمدينة ينبع الصناعية بحلته الجديدة,ينبع 08 جمادى الآخرة 1445 هـ الموافق 21 ديسمبر 2023 م واس," دشّنت الهيئة الملكية في ينبع المركز الثقافي بمدينة ينبع الصناعية بحلته الجديدة، وذلك بحضور مدير عام الخدمات المساندة محمد عمر باجرفان.  وتمت إعادة تأهيله منذ النصف الثاني من عام 2023م ليصبح أكثر استيعاباً للحركة الثقافية بمدينة ينبع الصناعية، وأكثر مواكبة لرؤية المملكة المتمثلة بوزارة الثقافة بقطاعاتها وهيئاتها، وبما يتناسب مع تطلعات شرائح المجتمع من رجال ونساء وأطفال بتنوع البرامج الثقافية من مسرح وفنون تشكيلية ونحت ورسم وأمسيات شعرية وأدبية وثقافية بجميع المجالات وملتقى للأدباء والشعراء والمثقفين والمبدعين بالفنون.  ويعد المركز نواة لانطلاق الحراك الثقافي بمدينة ينبع الصناعية, ويأتي ذلك ضمن سعي الهيئة الملكية بينبع لاستكمال أوجه جودة الحياه تحقيقاً لرؤية المملكة 2030.  يذكر أن بداية هذا المرفق كانت منذ تأسيسه في عام 1987م تحت مسمى المكتبة المركزية لمدينة ينبع الصناعية، ثم تحول في عام 2020م إلى المركز الثقافي بمدينة ينبع الصناعية ليكون الحاضنة الرئيسية للحركة الثقافية بالمدينة، ويضم المركز في جنباته 3 قاعات (قاعة رئيسية للبرامج والفعاليات الثقافية، وقاعة للسينما الثقافية التعليمية وصالون ثقافي للأدباء والمثقفين، وقاعة للورش الثقافية بمختلف فنونها ) بمساحة 600 متر مربع تقريباً وطاقة استيعابية تصل إلى 500 شخص، كما يواكب المركز التحول الرقمي الذي تشهده المملكة العربية السعودية من خلال تمكين المستفيد من الدخول على المكتبة الرقمية لمركز الملك عبدالعزيز الثقافي العالمي ( إثراء)."
1,https://www.spa.gov.sa/N2018118,سياسي / وزير الخارجية التونسي يلتقي نظيرته الإندونيسية,تونس 08 جمادى الاخرة 1445 هـ الموافق 21 ديسمبر 2023م واس, التقى وزير الخارجية التونسي نبيل عمار، اليوم، نظيرته الإندونيسية ريتنو مرصودي، التي تزور تونس حالياً.  وجرى خلال اللقاء بحث التعاون المشترك بين البلدين وسبل تطويره وتفعيله في مختلف المجالات.
1,https://www.spa.gov.sa/N2018109,"صحي / تجمع تبوك الصحي يطلق مبادرة ""أنا معك""",تبوك 08 جمادى الآخرة 1445 هـ الموافق 21 ديسمبر 2023 م واس," أطلق تجمع تبوك الصحي اليوم, مبادرة بعنوان ""أنا معك"" التي تنظمها الإدارة التنفيذية للجودة والسلامة ""تجربة المريض"" بحضور عدد من مسؤولي التجمع.  وتهدف هذه المبادرة إلى تحسين تجربة المريض وتسهيل وصول المرضى والمراجعين لكافة الخدمات الصحية ومساعدتهم أثناء تنقلهم بالرحلات العلاجية بأقسام الطوارئ والعيادات الخارجية ودعمهم بالحصول على المعلومات الكافية من خلال فريق مبادرة ""أنا معك"".  وتأتي هذه المبادرة ضمن المبادرات المهمة التي يطلقها تجمع تبوك الصحي لتعزيز العلاقة بين المرضى ومقدمي الخدمة الصحية بالمستشفيات, وتستهدف جميع المستفيدين من خدمات المنشآت التابعة للتجمع.  وتم إطلاقها في مستشفى الولادة والاطفال بتبوك ومستشفى حقل العام وسيتم إطلاقها تباعاً في كل من مستشفى الملك فهد التخصصي ومستشفى الملك خالد ومستشفى الوجه العام كمرحلة أولى وستشمل بإذن الله جميع مستشفيات المنطقة في المرحلة الثانية، مع التأكيد على أهمية المشاركة من خلال تعبئة الاستبيان الإلكتروني الذي يتم إرساله للمستفيدين عن طريق الرسائل النصية بعد زيارة المنشآت الصحية التابعة مما يسهم في تطوير الخدمات المقدمة لهم."
1,https://www.spa.gov.sa/N2018108,عام / المملكة تستضيف أعمال الاجتماع السنوي لمجلس البحوث العالمي 2025م,الرياض 08 جمادى الآخرة 1445 هـ الموافق 21 ديسمبر 2023 م واس, وافق مجلس محافظي مجلس البحوث العالمي، في اجتماعه الذي عُقد أمس الأربعاء، بالإجماع على استضافة المملكة العربية السعودية للاجتماع السنوي في عام 2025م كمُستضيف رئيسي بمدينة الرياض، وجمهورية تركيا ممثلة في مجلس البحوث العلمية والتقنية كمُستضيف شريك، وذلك حسب الإجراء المُتبع بالمجلس.  وتُعدّ استضافة المملكة هذه، أول استضافة لمجلس البحوث العالمي في منطقة الشرق الأوسط وشمال أفريقيا منذ إنشاء المجلس في عام 2012، وهو ما يؤكد المكانة الرفيعة للمملكة في مجالات البحث والتطوير والابتكار على المستوى الإقليمي والعالمي ويتوافق مع رؤية المملكة 2030، في ظل الدعم غير المسبوق الذي يشهده قطاع البحث والتطوير والابتكار من خادم الحرمين الشريفين الملك سلمان بن عبدالعزيز آل سعود، وصاحب السمو الملكي الأمير محمد بن سلمان بن عبدالعزيز آل سعود ولي العهد رئيس مجلس الوزراء رئيس اللجنة العليا للبحث والتطوير والابتكار - حفظهما الله -.  وتفوق الملف المشترك باحتوائه على العناصر الرئيسية المنافسة والمتمثلة باقتراح مواضيع حديثة تتوافق مع الحراك العلمي العالمي ويتماشى مع التطلعات الطموحة في المملكة بما يتفق مع رؤية المملكة 2030 المستقبلية في مجال البحث والتطوير والابتكار.  الجدير بالذكر أنه مع نهاية الربع الثاني من العام الحالي ٢٠٢٣م تم الإعلان على مصادقة رؤساء مجالس البحوث بمنطقة الشرق الأوسط وشمال أفريقيا الأعضاء بمجلس البحوث العالمي، بالإجماع على إعادة انتخاب المملكة العربية السعودية، ممثلة بمعالي رئيس مدينة الملك عبدالعزيز للعلوم والتقنية، الدكتور منير بن محمود الدسوقي، كرئيس لجنة مجالس البحوث بمنطقة الشرق الأوسط وشمال أفريقيا في مجلس البحوث العالمي، وذلك خلال الاجتماع السنوي الحادي عشر لمجلس البحوث العالمي، الذي استضافته مملكة هولندا في مدينة لاهاي.  وتمثل الاجتماعات السنوية للمجلس، واحدة من أكبر المنتديات العالمية لمجالس البحوث الأعضاء الداعمة للبحث العلمي على مستوى العالم، ويتم خلالها مناقشة الموضوعات ذات الاهتمام المشترك واعتماد بيانات المبادئ التي تعكس وجهات نظر مجالس البحوث الأعضاء بالمجلس، وكذلك المصادقة على التوصيات المتعلقة بأنشطة المتابعة التي يتم تنفيذها من قبل مجالس البحوث الأعضاء بمجلس البحوث العالمي.
1,https://www.spa.gov.sa/N2018107,"عام / وزير الإعلام يشهد العرض الخاص للفيلم الوثائقي ""هورايزن"" ويدشّن 8 شراكات محلية ودولية بمشاركة المركز الوطني للحياة الفطرية",الرياض 08 جمادى الآخرة 1445 هـ الموافق 21 ديسمبر 2023 م واس," رعى معالي وزير الإعلام الأستاذ سلمان بن يوسف الدوسري في مدينة الرياض، العرض الخاص بإطلاق الفيلم الوثائقي ""هورايزن"", أحدث إنتاجات مبادرة كنوز بمركز التواصل الحكومي في وزارة الإعلام، وبدعم من الشريك الإستراتيجي المركز الوطني لتنمية الحياة الفطرية، وذلك بحضور عدد من أصحاب السمو والمعالي، والمختصّين، والإعلاميين. وسيكون فيلم ""هورايزن"" متاحًا للمشاهدة على عدة منصات محلية وعالمية ابتداءً من 4 يناير 2024م، حيث يعرض على منصة نتفليكس، ثم تتبعها عدة منصات دولية.  ويرصد الفيلم الوثائقي ""هورايزن""، جوانب الحياة الفطرية وتنوعها الأحيائي في المملكة وإبراز الجهود التي تبذلها المملكة ممثلة في المركز الوطني لتنمية الحياة الفطرية والشركاء في هذا المجال، بغرض المحافظة على الكائنات الفطرية وحمايتها من الانقراض، وأسهم المركز في خروج الفيلم للنور عبر مبادرة كنوز كشريك إستراتيجي من خلال تقديم خدماته العلمية والمعرفية.  وأعلنت مبادرة كنوز خلال العرض عن عدد من الشراكات الجديدة التي تجمعها مع جهات إعلامية وفنية متنوعة بلغت 8 جهات محلية ودولية؛ بهدف تعزيز انتشار إنتاجات المبادرة.  كما تم تنفيذ الفيلم وفق أفضل ممارسات الإنتاج الدولية، عبر فريق عالمي متخصص في توثيق الحياة الفطرية، بمشاركة 13 باحثًا سعوديًا، في سعي من وزارة الإعلام إلى تسليط الضوء على كنوز المملكة البيئية.  يذكر أن مبادرة كنوز تندرج ضمن مبادرات برنامج تنمية القدرات البشرية، أحد برامج رؤية السعودية 2030؛ وتهدف إلى توثيق الثراء الثقافي والإسهام الحضاري، وإبراز قصص نجاح المواطن السعودي على الأصعدة كافة، من خلال إنتاج الأفلام الوثائقية والقصيرة والرسوم المتحركة.  وأنتجت المبادرة العديد من الأعمال؛ مثل: ""مرحلة صعبة""، و""نورس العرب""، و""على حد سواء""، و""ماذا يأكل السعوديون""، و""أطلس السعودية""."
1,https://www.spa.gov.sa/N2018137,اقتصادي / اختتام أعمال المؤتمر الاقتصادي للغرف العربية- الأفريقية,الرباط 8 جمادى الآخرة 1445 هـ الموافق 21 ديسمبر 2023 م واس, اختتمت بمدينة الداخلة المغربية اليوم، أعمال المؤتمر الاقتصادي للغرف العربية-الأفريقية، الذي نظمته على مدى يومين جامعة الغرف المغربية للتجارة والصناعة، بتعاون مع اتحاد الغرف العربية واتحاد الغرف الأفريقية، ومنظمات إقليمية.  ودعا المشاركون إلى إحداث منطقة للتبادل الحر بين الدول العربية والأفريقية، وتحسين التجارة العابرة للحدود بين الدول العربية والأفريقية عبر تحسين وتطوير إجراءات دخول وخروج البضائع بين هذه البلدان، وإزالة الحواجز الجمركية، وتذليل العراقيل والمعوقات التي تحد من تقوية العلاقات التجارية وتطوير حركية الاستثمار.  وتضمنت التوصيات ضرورة اتخاذ الغرف العربية والأفريقية خطوات عملية للتعريف بالتطورات الاقتصادية والبيئة المواتية للاستثمار في بلدانها، مع العمل على زيادة تبادل الوفود التجارية للتعرف على آخر المستجدات في مجال الفرص الاستثمارية المتوفرة لدى الطرفين.
1,https://www.spa.gov.sa/N2018136,عام / اختتام فعاليات الدورة الأربعين لمجلس وزراء الإسكان العرب,طرابلس 8 جمادى الآخرة 1445 هـ الموافق 21 ديسمبر 2023 م واس," اختتمت في العاصمة الليبية، اليوم، أعمال المنتدى الوزاري العربي الخامس للإسكان والتنمية الحضرية بعنوان ""توطين أهداف التنمية المستدامة من أجل الإعمار ومواجهة الكوارث"".  وأكد المنتدى في توصيات أصدرها في ختام أعماله، وضع التنمية الحضارية المستدامة في قلب خطط التنمية الإستراتيجية للدول العربية من خلال نهج متكامل يأخذ في الاعتبار الأبعاد الاقتصادية والاجتماعية والبيئية للتنمية تماشياً مع أهداف التنمية المستدامة والخطة الحضارية الجديدة والإستراتيجية العربية للإسكان والتنمية الحضارية المستدامة 2030.  وشدد على ضرورة عمل الحكومات الوطنية والإقليمية والمحلية معاً من أجل الاستجابة للتحديات المتزايدة والمترابطة سواءً أزمات اقتصادية أو مناخية أو الكوارث بجميع مظاهرها.  وأوصى المنتدى بالاستفادة من عملية إعادة الإعمار وفرص إعادة البناء بشكل أفضل وإنشاء مدن مستدامة وشاملة وآمنة ومرنة بالمنطقة العربية من خلال دمج الابتكار الرقمي والحلول القائمة على الطبيعة والتصميم على نطاق الإنسان.  ودعا المنظمات العربية والدولية المانحة إلى دعم جهود التعافي وإعادة الإعمار في البلدان المتأثرة بالأزمات.  ودان المنتدى العدوان الإسرائيلي على قطاع غزة الذي أوقع آلاف الشهداء والجرحى من الشعب الفلسطيني وخلف دماراً كبيراً أسفر عنه تداعيات هائلة على قطاع الإسكان والبنية التحتية."
1,https://www.spa.gov.sa/N2018134,سياسي / الرئيس الموريتاني يلتقي المدير العام لمنظمة العالم الإسلامي للتربية والعلوم والثقافة,نواكشوط 08 جمادى الآخرة 1445 هـ الموافق 21 ديسمبر 2023 م واس," التقى الرئيس الموريتاني محمد ولد الشيخ الغزواني، اليوم، المدير العام لمنظمة العالم الإسلامي للتربية والعلوم والثقافة،"" الإيسيكو"" معالي الدكتور سالم بن محمد المالك الذي يزور نواكشوط حالياً.  وجرى خلال اللقاء مناقشة بعض المسائل التي تهم جوانب متعددة من التعاون بين موريتانيا ومنظمة العالم الإسلامي للتربية والعلوم والثقافة."
1,https://www.spa.gov.sa/N2018125,رياضي / انطلاق أول بطولة لقفز الحواجز بتبوك,تبوك 08 جمادى الآخرة 1445 هـ الموافق 21 ديسمبر 2023 م واس," انطلقت اليوم بمدينة تبوك أول بطولة لقفز الحواجز بالمنطقة، بمبادرة من فرع وزارة الرياضة في المنطقة وتحت مضلة الاتحاد السعودي للفروسية، بمشاركة 18 فارسًا وفارسةً, وتستمر على مدى يومين, وذلك على مربط الثنيانة بتبوك.  وشهدت البطولة في يومها الأول إقامة شوطين لفئة المبتدئين بارتفاعات الحواجز 70-80سم, وفئة الهواة وبارتفاعات الحواجز 90- 100 سم, حيث حقق المركز الأول في فئة المبتدئين الفارس عبدالإله الشهراني والمركز الثاني مقرن مشبب الشهراني والثالث معاذ الرحماني, وفي فئة الهواة حقق الفارس عبدالرحمن المرشد المركز الأول, وحقق الفارس عبدالله الغامدي المركز الثاني, وحل الفارس محمد الشهري في المركز الثالث.  وأوضح مدير فرع وزارة الرياضة بالمنطقة عبدالعزيز بن محمد بن عبود أن هذه المبادرة تهدف إلى تعزيز فرص انتشار رياضات الفروسية وزيادة أعداد الفرسان وملاك الخيل بالمنطقة، مشيراً إلى أن رياضات الفروسية وقفز الحواجز تحديداً تحتل مساحة خاصة في نفوس الجماهير في المملكة، وترتبط بالكثير من المنجزات."
1,https://www.spa.gov.sa/N2018124,رياضي / الهلال يتغلب على ضيفه أبها بسباعية في الجولة 18 من الدوري السعودي,الرياض 08 جمادى الآخرة 1445 هـ الموافق 21 ديسمبر 2023 م واس," تمكن فريق الهلال من تحقيق فوز كبير على حساب أبها، قوامه سبعة أهداف دون رد، في اللقاء الذي جمعهما مساء اليوم، ضمن منافسات الجولة الـ 18 من الدوري السعودي للمحترفين ""دوري روشن 2023 - 2024""، على ملعب الأمير فيصل بن فهد.  أهداف الهلال السبعة سجلها لاعب الوسط الصربي سيرجي ميلينكوفيتش سافيتش، عند الدقيقة 17، وأحرز المهاجم الصربي ألكسندر ميتروفيتش ثاني أهداف الهلال عند الدقيقة 24 من ركلة جزاء، وتمكن سالم الدوسري من تسجيل الهدف الثالث لصالح الهلال بالدقيقة 72، وشهدت الدقيقة 79 تسجيل الهدف الرابع للهلال عن طريق سيرجي سافيتش، وجاء الهدف الخامس بواسطة لاعب الوسط محمد كنو، في الدقيقة 82، وأحرز البرتغالي روبن نيفيز، الهدف السادس بالدقيقة 85، واستطاع سافيتش أن يسجل الهدف الثالث له والسابع للهلال في شباك أبها، في الدقيقة 96 والأخيرة من عمر اللقاء.  ورفع الهلال رصيده بهذا الفوز إلى 50 نقطة في صدارة ترتيب فرق الدوري، بينما تجمد رصيد أبها عند 14 نقطة في المركز الـ 16."
1,https://www.spa.gov.sa/N2018123,اقتصادي / المملكة تشارك كضيف شرف في حفل جائزة الرؤية الاقتصادية 2023 المقام في سلطنة عمان,الرياض 08 جمادى الآخرة 1445 هـ الموافق 21 ديسمبر 2023 م واس, شاركت المملكة اليوم، كضيف شرف في حفل جائزة الرؤية الاقتصادية 2023 المقام في سلطنة عمان، ممثلةً برئاسة معالي وزير الاقتصاد والتخطيط الأستاذ فيصل بن فاضل الإبراهيم لوفد المملكة.  وتهدف الجائزة إلى إبراز المشاريع والمبادرات الاقتصادية الناجحة في سلطنة عمان، وتم تكريم الشركات السعودية الراعية للفعالية.
1,https://www.spa.gov.sa/N2018122,ثقافي / الهيئة الملكية بينبع تدشّن المركز الثقافي بمدينة ينبع الصناعية بحلته الجديدة,ينبع 08 جمادى الآخرة 1445 هـ الموافق 21 ديسمبر 2023 م واس," دشّنت الهيئة الملكية في ينبع المركز الثقافي بمدينة ينبع الصناعية بحلته الجديدة، وذلك بحضور مدير عام الخدمات المساندة محمد عمر باجرفان.  وتمت إعادة تأهيله منذ النصف الثاني من عام 2023م ليصبح أكثر استيعاباً للحركة الثقافية بمدينة ينبع الصناعية، وأكثر مواكبة لرؤية المملكة المتمثلة بوزارة الثقافة بقطاعاتها وهيئاتها، وبما يتناسب مع تطلعات شرائح المجتمع من رجال ونساء وأطفال بتنوع البرامج الثقافية من مسرح وفنون تشكيلية ونحت ورسم وأمسيات شعرية وأدبية وثقافية بجميع المجالات وملتقى للأدباء والشعراء والمثقفين والمبدعين بالفنون.  ويعد المركز نواة لانطلاق الحراك الثقافي بمدينة ينبع الصناعية, ويأتي ذلك ضمن سعي الهيئة الملكية بينبع لاستكمال أوجه جودة الحياه تحقيقاً لرؤية المملكة 2030.  يذكر أن بداية هذا المرفق كانت منذ تأسيسه في عام 1987م تحت مسمى المكتبة المركزية لمدينة ينبع الصناعية، ثم تحول في عام 2020م إلى المركز الثقافي بمدينة ينبع الصناعية ليكون الحاضنة الرئيسية للحركة الثقافية بالمدينة، ويضم المركز في جنباته 3 قاعات (قاعة رئيسية للبرامج والفعاليات الثقافية، وقاعة للسينما الثقافية التعليمية وصالون ثقافي للأدباء والمثقفين، وقاعة للورش الثقافية بمختلف فنونها ) بمساحة 600 متر مربع تقريباً وطاقة استيعابية تصل إلى 500 شخص، كما يواكب المركز التحول الرقمي الذي تشهده المملكة العربية السعودية من خلال تمكين المستفيد من الدخول على المكتبة الرقمية لمركز الملك عبدالعزيز الثقافي العالمي ( إثراء)."
1,https://www.spa.gov.sa/N2018118,سياسي / وزير الخارجية التونسي يلتقي نظيرته الإندونيسية,تونس 08 جمادى الاخرة 1445 هـ الموافق 21 ديسمبر 2023م واس, التقى وزير الخارجية التونسي نبيل عمار، اليوم، نظيرته الإندونيسية ريتنو مرصودي، التي تزور تونس حالياً.  وجرى خلال اللقاء بحث التعاون المشترك بين البلدين وسبل تطويره وتفعيله في مختلف المجالات.
1,https://www.spa.gov.sa/N2018109,"صحي / تجمع تبوك الصحي يطلق مبادرة ""أنا معك""",تبوك 08 جمادى الآخرة 1445 هـ الموافق 21 ديسمبر 2023 م واس," أطلق تجمع تبوك الصحي اليوم, مبادرة بعنوان ""أنا معك"" التي تنظمها الإدارة التنفيذية للجودة والسلامة ""تجربة المريض"" بحضور عدد من مسؤولي التجمع.  وتهدف هذه المبادرة إلى تحسين تجربة المريض وتسهيل وصول المرضى والمراجعين لكافة الخدمات الصحية ومساعدتهم أثناء تنقلهم بالرحلات العلاجية بأقسام الطوارئ والعيادات الخارجية ودعمهم بالحصول على المعلومات الكافية من خلال فريق مبادرة ""أنا معك"".  وتأتي هذه المبادرة ضمن المبادرات المهمة التي يطلقها تجمع تبوك الصحي لتعزيز العلاقة بين المرضى ومقدمي الخدمة الصحية بالمستشفيات, وتستهدف جميع المستفيدين من خدمات المنشآت التابعة للتجمع.  وتم إطلاقها في مستشفى الولادة والاطفال بتبوك ومستشفى حقل العام وسيتم إطلاقها تباعاً في كل من مستشفى الملك فهد التخصصي ومستشفى الملك خالد ومستشفى الوجه العام كمرحلة أولى وستشمل بإذن الله جميع مستشفيات المنطقة في المرحلة الثانية، مع التأكيد على أهمية المشاركة من خلال تعبئة الاستبيان الإلكتروني الذي يتم إرساله للمستفيدين عن طريق الرسائل النصية بعد زيارة المنشآت الصحية التابعة مما يسهم في تطوير الخدمات المقدمة لهم."
1,https://www.spa.gov.sa/N2018108,عام / المملكة تستضيف أعمال الاجتماع السنوي لمجلس البحوث العالمي 2025م,الرياض 08 جمادى الآخرة 1445 هـ الموافق 21 ديسمبر 2023 م واس, وافق مجلس محافظي مجلس البحوث العالمي، في اجتماعه الذي عُقد أمس الأربعاء، بالإجماع على استضافة المملكة العربية السعودية للاجتماع السنوي في عام 2025م كمُستضيف رئيسي بمدينة الرياض، وجمهورية تركيا ممثلة في مجلس البحوث العلمية والتقنية كمُستضيف شريك، وذلك حسب الإجراء المُتبع بالمجلس.  وتُعدّ استضافة المملكة هذه، أول استضافة لمجلس البحوث العالمي في منطقة الشرق الأوسط وشمال أفريقيا منذ إنشاء المجلس في عام 2012، وهو ما يؤكد المكانة الرفيعة للمملكة في مجالات البحث والتطوير والابتكار على المستوى الإقليمي والعالمي ويتوافق مع رؤية المملكة 2030، في ظل الدعم غير المسبوق الذي يشهده قطاع البحث والتطوير والابتكار من خادم الحرمين الشريفين الملك سلمان بن عبدالعزيز آل سعود، وصاحب السمو الملكي الأمير محمد بن سلمان بن عبدالعزيز آل سعود ولي العهد رئيس مجلس الوزراء رئيس اللجنة العليا للبحث والتطوير والابتكار - حفظهما الله -.  وتفوق الملف المشترك باحتوائه على العناصر الرئيسية المنافسة والمتمثلة باقتراح مواضيع حديثة تتوافق مع الحراك العلمي العالمي ويتماشى مع التطلعات الطموحة في المملكة بما يتفق مع رؤية المملكة 2030 المستقبلية في مجال البحث والتطوير والابتكار.  الجدير بالذكر أنه مع نهاية الربع الثاني من العام الحالي ٢٠٢٣م تم الإعلان على مصادقة رؤساء مجالس البحوث بمنطقة الشرق الأوسط وشمال أفريقيا الأعضاء بمجلس البحوث العالمي، بالإجماع على إعادة انتخاب المملكة العربية السعودية، ممثلة بمعالي رئيس مدينة الملك عبدالعزيز للعلوم والتقنية، الدكتور منير بن محمود الدسوقي، كرئيس لجنة مجالس البحوث بمنطقة الشرق الأوسط وشمال أفريقيا في مجلس البحوث العالمي، وذلك خلال الاجتماع السنوي الحادي عشر لمجلس البحوث العالمي، الذي استضافته مملكة هولندا في مدينة لاهاي.  وتمثل الاجتماعات السنوية للمجلس، واحدة من أكبر المنتديات العالمية لمجالس البحوث الأعضاء الداعمة للبحث العلمي على مستوى العالم، ويتم خلالها مناقشة الموضوعات ذات الاهتمام المشترك واعتماد بيانات المبادئ التي تعكس وجهات نظر مجالس البحوث الأعضاء بالمجلس، وكذلك المصادقة على التوصيات المتعلقة بأنشطة المتابعة التي يتم تنفيذها من قبل مجالس البحوث الأعضاء بمجلس البحوث العالمي.
2,https://www.spa.gov.sa/N2018107,"عام / وزير الإعلام يشهد العرض الخاص للفيلم الوثائقي ""هورايزن"" ويدشّن 8 شراكات محلية ودولية بمشاركة المركز الوطني للحياة الفطرية",الرياض 08 جمادى الآخرة 1445 هـ الموافق 21 ديسمبر 2023 م واس," رعى معالي وزير الإعلام الأستاذ سلمان بن يوسف الدوسري في مدينة الرياض، العرض الخاص بإطلاق الفيلم الوثائقي ""هورايزن"", أحدث إنتاجات مبادرة كنوز بمركز التواصل الحكومي في وزارة الإعلام، وبدعم من الشريك الإستراتيجي المركز الوطني لتنمية الحياة الفطرية، وذلك بحضور عدد من أصحاب السمو والمعالي، والمختصّين، والإعلاميين. وسيكون فيلم ""هورايزن"" متاحًا للمشاهدة على عدة منصات محلية وعالمية ابتداءً من 4 يناير 2024م، حيث يعرض على منصة نتفليكس، ثم تتبعها عدة منصات دولية.  ويرصد الفيلم الوثائقي ""هورايزن""، جوانب الحياة الفطرية وتنوعها الأحيائي في المملكة وإبراز الجهود التي تبذلها المملكة ممثلة في المركز الوطني لتنمية الحياة الفطرية والشركاء في هذا المجال، بغرض المحافظة على الكائنات الفطرية وحمايتها من الانقراض، وأسهم المركز في خروج الفيلم للنور عبر مبادرة كنوز كشريك إستراتيجي من خلال تقديم خدماته العلمية والمعرفية.  وأعلنت مبادرة كنوز خلال العرض عن عدد من الشراكات الجديدة التي تجمعها مع جهات إعلامية وفنية متنوعة بلغت 8 جهات محلية ودولية؛ بهدف تعزيز انتشار إنتاجات المبادرة.  كما تم تنفيذ الفيلم وفق أفضل ممارسات الإنتاج الدولية، عبر فريق عالمي متخصص في توثيق الحياة الفطرية، بمشاركة 13 باحثًا سعوديًا، في سعي من وزارة الإعلام إلى تسليط الضوء على كنوز المملكة البيئية.  يذكر أن مبادرة كنوز تندرج ضمن مبادرات برنامج تنمية القدرات البشرية، أحد برامج رؤية السعودية 2030؛ وتهدف إلى توثيق الثراء الثقافي والإسهام الحضاري، وإبراز قصص نجاح المواطن السعودي على الأصعدة كافة، من خلال إنتاج الأفلام الوثائقية والقصيرة والرسوم المتحركة.  وأنتجت المبادرة العديد من الأعمال؛ مثل: ""مرحلة صعبة""، و""نورس العرب""، و""على حد سواء""، و""ماذا يأكل السعوديون""، و""أطلس السعودية""."
2,https://www.spa.gov.sa/N2018103,علوم وتقنيات / أكاديمية التنظيمات الرقمية تعقد البرنامج التنفيذي للتنظيمات الرقمية والسياسات العامة,الرياض 08 جمادى الآخرة 1445 هـ الموافق 21 ديسمبر 2023 م واس," عقدت أكاديمية التنظيمات الرقمية التابعة لهيئة الاتصالات والفضاء والتقنية ""البرنامج التنفيذي للتنظيمات الرقمية والسياسات العامة"" في العاصمة الفرنسية باريس، بالتعاون مع جامعة الدراسات العليا لإدارة الأعمال (HEC)؛ والذي يهدف لتأهيل القيادات في رسم السياسات العامة والتنظيمات الرقمية، وامتلاك المهارات والمعرفة لأفضل منهجيات التحليل والتقييم اللازمة في مختلف القطاعات، إضافة إلى تحقيق التميز والنضج التنظيمي المواكب للمتغيرات المتسارعة، وتعزيز ودعم عمليات صناعة القرار.  وانعقد البرنامج التنفيذي بمشاركة نحو 20 من قادة منظومة الاقتصاد الرقمي والفضاء والابتكار ومقدمي خدمات الاتصالات والجهات الأعضاء في لجنة التنظيمات الرقمية، حيث جرى خلال فترة البرنامج الممتدة لخمسة أيام, تعريف المشاركين بخارطة طريق السياسات العامة والتنظيمات الرقمية، وتقديم أفضل الممارسات النظرية والعملية في بناء اللوائح والسياسات، واستضافة أفضل الخبراء والقياديين في مجال التنظيمات الرقمية، وإتاحة زيارة العديد من الجهات الحكومية الرائدة في مجال التنظيم الرقمي والسياسات العامة.  يشار إلى أن البرنامج يمثل أحد مبادرات أكاديمية التنظيمات الرقمية التي تسعى من خلاله لرفع كفاءة الكوادر الوطنية وتنمية قدرات القادة في مجال التنظيمات الرقمية، والعمل على المواءمة والتكامل بين المنظمين والمعاهد العالمية من خلال شراكات إستراتيجية للاستفادة من أفضل الممارسات والخبرات، والارتقاء بخدمات الجهات المحلية إلى آفاق جديدة."
2,https://www.spa.gov.sa/N2018102,عام / عاصفة قوية تضرب ساحل الدنمارك الغربي,كوبنهاجن 8 جمادى الآخرة 1445 هـ الموافق 21 ديسمبر 2023 م واس," أعلن معهد الأرصاد الجوية الدنماركي اليوم أن العاصفة ""بيا"" القوية ضربت ساحل الدنمارك الغربي.  وحذرت السلطات الدنماركية السكان من العاصفة المصحوبة برياح تبلغ شدتها قوة الإعصار، ومستويات عالية من المياه, موضحةً أنه تم قياس هبات رياح بسرعة 158 كيلومتراً في الساعة بالفعل في قرية (ثيبورون) حوالي 200 كيلومتر شمال الحدود الألمانية- الدنماركية.  وألغيت بعض رحلات الطيران من مطار كوبنهاجن، كما ألغيت رحلات قطارات غربي منطقة يوتلاند."
2,https://www.spa.gov.sa/N2018099,"صحي / تجمع مكة الصحي يُطلق ملتقى الجودة تحت شعار ""الجودة هي إدراك قدراتك التنافسية""",مكة المكرمة 08 جمادى الآخرة 1445 هـ الموافق 21 ديسمبر 2023 م واس," أطلق تجمع مكة المكرمة الصحي اليوم، ملتقى الجودة السنوي الافتراضي الأول، تحت شعار "" الجودة هي إدراك قدراتك التنافسية "" لعام 2023 بالتزامن مع أسبوع الجودة العالمي، بحضور الرئيس التنفيذي لتجمع مكة المكرمة الصحي الدكتور حاتم بن أحمد العُمري، ومشاركة نخبة من المتحدثين والخبراء في مجال التميز المؤسسي والجودة من مختلف القطاعات الصحية لنقل المعرفة وتبادل الخبرات والآراء.  ويهدف الملتقى إلى تحسين جودة الخدمات الصحية المقدمة بالمنشآت الصحية، وتعزيز مفهوم الرعاية المتمركزة على الإنسان كمحور أساسي ببرنامج التحول بنموذج الرعاية الصحية."
2,https://www.spa.gov.sa/N2018098,اقتصادي / وزير النقل والخدمات اللوجستية يدشّن أحدث مركز لتوضيب محركات الطائرات, جدة 08 جمادى الآخرة 1445 هـ الموافق 21 ديسمبر 2023 م واس," دشّن معالي وزير النقل والخدمات اللوجستية رئيس مجلس إدارة الخطوط السعودية المهندس صالح بن ناصر الجاسر اليوم، ""مركز توضيب المحركات"" الجديد التابع لشركة السعودية لهندسة الطيران، الذي يضم العديد من المرافق المتقدمة في صيانة محركات الطائرات ومكوناتها والذي يعد جزءاً من قرية الصيانة بمطار الملك عبدالعزيز الدولي بجدة.  ورعى معاليه تخريج دفعة من الكوادر الوطنية من فنيي صيانة الطائرات بعد إنهاءهم برنامجاً تدريبياً مكثفاً، بحضور معالي مدير عام مجموعة السعودية المهندس إبراهيم بن عبدالرحمن العُمر، ومعالي رئيس الهيئة العامة للطيران المدني الأستاذ عبدالعزيز بن عبدالله الدعيلج.  وأشار المهندس الجاسر إلى أن إنشاء مركز توضيب محركات الطائرات، يأتي كجزء من برامج الاستثمار في نقل المعرفة وتوسيع التوطين وتعزيز مستوى المحتوى المحلي في منظومة النقل والخدمات اللوجستية، مؤكداً أهمية الاستثمار في العنصر البشري السعودي الذي، يعد المحور الرئيس في الإستراتيجية الوطنية للنقل والخدمات اللوجستية وإستراتيجية الطيران المنبثقة عنها.  وأفاد أن المركز الذي يعد جزءاً من قرية الصيانة سيسهم في رفع الطاقة الاستيعابية لأعمال الصيانة، وسيطبق أحدث وأفضل تقنيات الصيانة وقواعد المحافظة على البيئة إلى جانب ترشيد استهلاك الطاقة بما يواكب التطورات والنهضة الكبرى، التي يشهدها قطاع الطيران والنقل الجوي بالمملكة.  من جهته أشار مدير عام مجموعة "" السعودية "" إلى أن المجموعة تسعى إلى توطين صناعة الطيران وزيادة المحتوى المحلي وتطويره، مؤكداً أن شركة السعودية لهندسة الطيران تحظى بثقة الشركات المصنّعة لإجراء مختلف أنواع الصيانة للطائرات، مشيراً إلى أن مركز توضيب المحركات ومن خلال قدراته الكبيرة سيسهم في تعزيز سمعة الشركة على مستوى المنطقة، وفي الوقت ذاته فإن التوسع في الطاقة الاستيعابية للمركز يواكبها توجه لزيادة عدد الكوادر الوطنية المؤهلة لإدارة أعمالها الفنية التخصصية وفق أفضل المعايير العالمية.  يذكر أن مساحة المركز تبلغ 12,230 متراً مربعاً، ومن أهم مرافقه ""مركز اختبار المحركات"" والذي يعد واحداً من أكبر المراكز لاختبار المحركات على مستوى العالم، ويملك القدرة على تحمّل دفع المحركات بما يصل إلى 150 ألف رطل، حيث جرى تزويده بأحدث التقنيات لاختبار أكبر المحركات الحالية مثل محرك طائرة بوينج 777 من نوع GE90-115B، كما يجري عبر المركز اختبار وظائف المحركات والتأكد من مؤشراتها التشغيلية قبل تركيبها على الطائرة، ومن المتوقع أن يعمل المركز بشكل كامل في الربع الثاني من عام 2024م.   وبلغ عدد الخريجين 42 فنياً بعد اجتيازهم البرنامج التدريبي المكثف, وكانت مدته عامين في مقر أكاديمية السعودية للتدريب الفني لصيانة الطائرات بالتعاون مع كلية سبارتن الأمريكية للملاحة الجوية والتكنولوجيا، حيث تضمن البرنامج تأهيلهم نظرياً وعملياً على العديد من المهام الفنية من بينها إصلاح المحركات الفعلية وإجراء الاختبارات للتأكد من صلاحيتها، إلى جانب تعلمهم صيانة هياكل الطائرات والأجهزة الإلكترونية.  وكان صندوق الاستثمارات العامة قد أعلن عن استثماره في السعودية لهندسة الطيران لتمكينها لتكون شركة سعودية بأثر عالمي رائد في صناعة الطيران، حيث سيدعم الاستثمار مشروع إنشاء قرية تبلغ مساحتها مليون متر مربع لتقديم مختلف أنواع الصيانة للطائرات."
2,https://www.spa.gov.sa/N2018097,"صحي / بالتعاون مع ""صحة الافتراضي"" .. تجمع الشمالية الصحي يفعل تخطيط كهرباء الدماغ بمستشفى رفحاء",رفحاء 08 جمادى الآخرة 1445 هـ الموافق 21 ديسمبر 2023 م واس, فعّل تجمع الحدود الشمالية الصحي برنامج تخطيط كهرباء الدماغ، بمستشفى محافظة رفحاء المركزي وذلك بالتعاون مع مستشفى صحة الافتراضي Tele EEG.  وأوضح التجمع أنه تم ربطه بالمستشفى الافتراضي، بحيث تُمَكِّن الخدمة من فحص المستفيدين عن طريق كاميرا موصلة بالجهاز وتسجيل التخطيط مباشرة في مستشفى رفحاء، ومن ثم إرسال التقرير والتشخيص من قبل الاستشاريين المختصين بمستشفى صحة الافتراضي، مما يقلل عدد الإحالات خارج المحافظة.  وأكد التجمع أنه يسعى لتسهيل الحصول على الخدمات الصحية الافتراضية وتحسين ورفع جودتها وكفاءتها تماشياً مع مستهدفات التحول الصحي تحقيقاً لرؤية 2030.
2,https://www.spa.gov.sa/N2018096,عام / المركز الوطني للأرصاد : أمطار متوسطة على محافظة العُلا,المدينة المنورة 08 جمادى الآخرة 1445 هـ الموافق 21 ديسمبر 2023 م واس, نبّه المركز الوطني للأرصاد من أمطار متوسطة على منطقة المدينة المنورة غداً، تشمل تأثيراتها رياحاً شديدة السرعة وشبه انعدام في مدى الرؤية وتساقط البرد وجريان السيول وصواعق رعدية، على محافظة العُلا.  وبيّن المركز أن الحالة تبدأ الساعة الرابعة فجراً وتستمر حتى الساعة الواحدة ظهراً.
2,https://www.spa.gov.sa/N2018095,صحي / مدينة الملك عبدالله الطبية تنجح في زراعة 57 قرنية للعين خلال عام 2023,مكة المكرمة 08 جمادى الآخرة 1445 هـ الموافق 21 ديسمبر 2023 م واس," نجح مركز صحة العين بمدينة الملك عبدالله الطبية عضو تجمع مكة المكرمة الصحي ممثلاً في قسم الشدفة الأمامية في زراعة 57 حالة لقرنية العين للمرضى المستفيدين من خدماتها منذ بداية عام 2023 حتى الآن.  ويقدم قسم الشدفة الأمامية العديد من الخدمات التخصصية، ضمن إمكانيات وأجهزة حديثة، وتشمل خدمات التقييم الشامل لحالة العين منها: قياس العيوب الانكسارية وتصوير طبقات القرنية وقياس سماكة القرنية، والفحص ثلاثي الأبعاد لأجزاء العين، وكذلك فحص الشدفة الأمامية بالموجات فوق الصوتية، وقياس الطول المحوري للعين وإجراء قياسات العدسات الصناعية, وكذلك تقديم العلاج الطبي والجراحي لالتهاب القرنية الناشئ عن الميكروبات واضطرابات سطح العين، علاوة على علاج العيوب الانكسارية المرتبطة ببروز القرنية وعلاج عدم تساوي الدرجة الانكسارية في العينين واللابؤرية الناتجين عن العمليات الجراحية، وأخيراً جراحات القرنية.  يذكر أن قسم الشدفة الأمامية قام بزراعة أكثر من 600 حالة قرنية خلال العشر سنوات الماضية."
2,https://www.spa.gov.sa/N2018093,صحي / مؤتمر المدينة المنورة يواصل جلساته العلمية في مجال طب وجراحة القلب,المدينة المنورة 08 جمادى الآخرة 1445 هـ الموافق 21 ديسمبر 2023 م واس, واصل مؤتمر المدينة المنورة الدولي للقلب 2023م، الذي ينظمه تجمع المدينة الصحي ممثلاً بمركز أمراض وجراحة القلب بالتعاون مع جمعية القلب السعودية، في يومه الثاني مناقشة أبرز المستجدات العلمية والدراسات الحديثة في مجال طب القلب.  وأوضح تجمع المدينة المنورة الصحي أن المؤتمر ناقش في يومه الثاني تحديثات الرجفان الأذيني لأحدث إستراتيجيات الإدارة الهجين وحجم الخط الحدودي للبطين والإصلاح أحادي البطين مقابل إصلاح البطينين وبرامج جراحة القلب في MCC وفعالية الإنعاش الرئوي والتحديات في الإدارة الدوائية لـ HF في MCC والمعايير الذهبية لممارسات التروية القلبية.  كما ناقش المؤتمر النهج الفني لتقليل مخاطر الإشعاع و إدارة الأوردة الرئوية الشاذة عبر القسطرة وبرنامج قصور القلب المتقدم في التعليم العالي والوقاية من مرض القوباء المنطقية والتعامل مع عدم انتظام ضربات قلب المريض، بالإضافة إلى ورش عمل في اقتناء وعرض TTE ثلاثي الأبعاد، وتخطيط صدى القلب.  وشهد اليوم الثاني للمؤتمر، مشاركة مجموعة مميزة من المتحدثين والأكاديميين والمتخصصين في أمراض وجراحة القلب، من بينهم استشاري جراحة القلب البروفيسور زهير الهليس، ورئيس جمعية قسطرة القلب السعودية الدكتور وائل القشقري.  يذكر أن مؤتمر المدينة المنورة الدولي للقلب 2023م، يسعى إلى تحسين جودة الخدمات الطبية المقدمة للمرضى، وتطوير نظام الرعاية الصحية، من خلال تبادل الخبرات العلمية والعملية واستعراض أحدث الابتكارات وتفعيل الشراكة الاجتماعية والمجتمعية لتقديم هذه الخدمات وفق الممارسات العلمية المبنية على البراهين وأحدث التقنيات المعلوماتية الصحية.  ويتضمن المؤتمر أكثر من 24 محاضرة ومناقشة علمية وورشة عمل، وبأكثر من 22 ساعة تدريبية معتمدة من الهيئة السعودية للتخصصات الصحية يشارك فيها أكثر من 70 متخصصاً في مجال طب وجراحة القلب من مختلف دول العالم ويُقام على مدى ثلاثة أيام.
2,https://www.spa.gov.sa/N2018092,اقتصادي / البنك المركزي المصري يقرر تثبيت أسعار الفائدة,القاهرة 8 جمادى الآخرة 1445 هـ الموافق 21 ديسمبر 2023 م واس, أبقى البنك المركزي المصري، على سعري عائد الإيداع والإقراض لليلة واحدة وسعر العملية الرئيسة للبنك المركزي عند مستوى 19.25 %، 20.25 %، و19.75 % على الترتيب.  وأفادت لجنة السياسة النقدية للبنك في بيان لها، بعد اجتماعها اليوم، أنه تم الإبقاء على سعر الائتمان والخصم عند مستوى 19.75 %.
3,https://www.spa.gov.sa/N2018091,"رياضي / الثلاثية التاريخية من كؤوس ""مانشستر سيتي"" متاحة للجماهير في نهائي كأس العالم للأندية 2023",جدة 08 جمادى الآخرة 1445 هـ الموافق 21 ديسمبر 2023 م واس," يطمح نادي مانشستر سيتي الإنجليزي للاحتفال بكأسه الأول من بطولة كأس العالم للأندية 2023م, المقامة في المملكة العربية السعودية، في حال تتويجه غداً بالكأس للمرة الأولى في تاريخه، حين يلاقي نادي فلومينينسي البرازيلي على ملعب مدينة الملك عبدالله الرياضية بمحافظة جدة، ليضيفه إلى كؤوس ثلاثيته التاريخية التي اصطحبها معه إلى جدة، والمتمثلة في ""كأس الدوري الإنجليزي الممتاز، كأس الاتحاد الإنجليزي، وكأس دوري أبطال أوروبا""، حيث أتاحتها اللجنة المنظمة للمشجعين والجماهير الرياضية في منطقة الجماهير  Zone) Fan) بالملعب، التي شهدت إقبالا كبيرا من الحضور قبيل انطلاق لقاء الدور نصف النهائي أمام نادي أوراوا الياباني.  وستتيح اللجنة المنظمة للبطولة غداً الفرصة مرة أخرى للجماهير، لمشاهدة وتصوير الكؤوس التاريخية (ثلاثية مانشستر سيتي) في الموقع ذاته، بدءاً من الساعة السادسة مساءً وحتى قبل انطلاقة اللقاء النهائي بنصف ساعة."
3,https://www.spa.gov.sa/N2018090,صحي / منظمة الصحة العالمية تعتمد لقاحاً جديداً ضد الملاريا للاستخدام لدى الأطفال,جنيف 8 جمادى الآخرة 1445 هـ الموافق 21 ديسمبر 2023 م واس," اعتمدت منظمة الصحة العالمية لقاح R21 / Matrix-M الجديد المضاد للملاريا إلى قائمة اللقاحات المؤهلة للاستخدام لدى الأطفال.  وجاء اعتماد اللقاح بناءً على توصيات فريق خبراء المنظمة الاستشاري الإستراتيجي المعني بالتحصين والفريق الاستشاري لسياسات الملاريا، ويعد ذلك شرطاً أساسياً لشراء اللقاحات من قبل منظمة اليونيسيف والتحالف العالمي للقاحات ونشرها.  ويُعد هذا اللقاح الثاني المضاد للملاريا الذي تعتمده المنظمة بعد اعتماد لقاح RTS,S/AS01 في يوليو 2022, وقد ثبت أن كلا اللقاحين آمنان وفعالان في التجارب السريرية للوقاية من الملاريا لدى الأطفال.  ويعد الملاريا مرضاً يلقى عبئاً ثقيلاً بشكل خاص على الأطفال في المنطقة الأفريقية، حيث يموت نحو نصف مليون طفل بسبب المرض كل عام.  وعلى الصعيد العالمي هناك في عام 2022 ما يقدر بنحو 249 مليون حالة إصابة بالملاريا، و 608 حالات وفاة في 85 دولة, ومن المتوقع أن يؤدي التأهيل المسبق للقاح الملاريا الثاني في العالم، الذي طورته جامعة أوكسفورد وصنعه معهد المصل الهندي، إلى توسيع نطاق الوقاية من الملاريا من خلال التطعيم."
3,https://www.spa.gov.sa/N2018088,عام / جامعة الملك خالد تحقق المركز الثاني وطنيًّا والسابع عربيًّا في التصنيف العربي للجامعات (ARU),أبهـا 08 جمادى الآخرة 1445 هـ الموافق 21 ديسمبر 2023 م واس, حققت جامعة الملك خالد المركز السابع على مستوى الجامعات العربية والثاني على مستوى الجامعات السعودية المصنفة ضمن التصنيف العربي للجامعات (ARU) التابع لاتحاد الجامعات العربية بالتعاون مع جامعة الدول العربية، والمُنظمة العربية للتربية والثقافة والعلوم (الألكسو)، واتحاد مجالس البحث العلمي العربية.  وأوضح وكيل جامعة الملك خالد للدراسات العليا والبحث العلمي الدكتور حامد بن مجدوع القرني أنه تم من خلال هذا التصنيف قياس أداء الجامعة بمجموعة من المعايير النوعية التي تضم معيار التعليم والتعلم، ومعيار البحث العلمي، ومعيار الإبداع والريادة والابتكار، ومعيار تعاونات الجامعة الدولية والوطنية، وكذلك خدمة المجتمع، وحققت الجامعة أداءً مميزًا في معيار البحث العلمي، حيث جاءت في المرتبة الثانية عربيًّا ووطنيًّا في مجال البحث العلمي.  وأشار القرني إلى أن الجامعة تطمح إلى تعزيز حضورها في مختلف تصنيفات مؤسسات التعليم العالي، وتعزيز أثرها في بناء الجيل وإثراء سوق العمل بالطاقات البشرية بمستويات تنافسية عالية، وبما يخدم مستهدفات الجامعة، ووضعها ضمن قائمة الجامعات العالمية المرموقة، بما يتناسب مع ممكناتها وميزها النسبية والدعم السخي الذي تلقاه من حكومتنا الرشيدة.
3,https://www.spa.gov.sa/N2018086,"عام / منصة ""أبشر"" تُشارك ضمن معرض وزارة الداخلية (واحة الأمن) في مهرجان الملك عبدالعزيز للإبل بالصياهد",الصياهد 08 جمادى الآخرة 1445 هـ الموافق 21 ديسمبر 2023 م واس," تُشارك منصة وزارة الداخلية الإلكترونية ""أبشر"" ضمن معرض الوزارة (واحة الأمن) في مهرجان الملك عبدالعزيز للإبل، الذي يقع في الصياهد بالرمحية شمال منطقة الرياض حتى نهاية شهر ديسمبر 2023 م.  وتستعرض المنصة أحدث التقنيات وأبرز الخدمات التي تقدّمها للمواطنين والمقيمين والزوار، والاستفادة من أجهزة الخدمة الذاتية لزوار المعرض.  يذكر أن معرض وزارة الداخلية (واحة الأمن) يحتوي على أجنحة وأركان متنوعة لتعريف الزوار بمهام وزارة الداخلية ورسالتها الرئيسة المتمثلة في حفظ الأمن وتحقيق السلامة، من خلال شعار ""وطن آمن ومزدهر""، في رحلة أمنية تعزز الفخر بما قدمته الوزارة للمحافظة على الشعور بالأمن والأمان في كل مكان وزمان، واستثمار التقنية وتطبيقات الذكاء الاصطناعي وحلولها الرقمية في خدمة ضيوف الرحمن، وقطاعات الأفراد والأعمال والحكومة عبر منصة ""أبشر""، وأحدث التقنيات والآليات في المنظومتين الأمنية والبيئية، وأبرز مشروعاتها التنموية، وميدان الرماية والعروض العسكرية، وأجنحة تعزز الانتماء الوطني والوعي الأمني والثقافي والاجتماعي، وتقديم عروض الفلكلور الشعبي."
3,https://www.spa.gov.sa/N2018085,"علوم وتقنيات / فريق الإنجازات البحثية لجامعة ""كاوست"" يطور بعض التقنيات",جدة 08 جمادى الآخرة 1445 هـ الموافق 21 ديسمبر 2023 م واس," طوّر فريق الأبحاث بجامعة الملك عبدالله للعلوم والتقنية اليوم، خلية شمسية ترادفية عالية الكفاءة عبر تحسين الاتصال بين طبقات السيليكون والبيروفسكايت، وأدى هذا النهج إلى تعزيز كفاءة تحويل الطاقة الإجمالية إلى 32,5 في المئة، وهي أعلى نسبة تم تسجيلها لهذه التقنية في ذلك الوقت، كما تمكن الباحثون أيضًا من خفض استخدام الإنديوم على نحو كبير، وهو معدن نادر تعتمد عليه العديد من الخلايا الشمسية الترادفية.  وقام مختبر البروفيسور المشارك بيدرو كاستانيو بدمج العديد من تقنيات التحليل الطيفي والمفاعلات لدراسة آلية عمل المحفزات الكيميائية، واستخدموا هذا المزيج للكشف عن تفاصيل جديدة حول وظيفة المحفز وآليات التفاعل، ومن المتوقع أن يؤدي النهج الجديد إلى تسريع تطوير العمليات الصناعية الفعالة والمستدامة، ومع زيادة عدد الأفراد المتصلين بالإنترنت، يزداد الطلب على البيانات عالية السرعة، وبالتالي ترتفع المنافسة على الترددات المحدودة مما يؤثر كثيرًا على أداء الشبكة، وكحل لذلك، قام البروفيسور محمد سليم العلويني وفريقه بتطوير إطار رياضي بسيط يعمل على تحسين معدلات البيانات بنسبة تصل إلى 30 في المئة وتبسيط إدارة الشبكة المستقبلية من خلال تحسين سرعات الشبكة الأرضية، من أجل نمذجة أسرع وأدق لمجموعات البيانات الضخمة في العالم الحقيقي، واقترح البروفيسور المشارك رافاييل هوسر ومعاونوه نهجًا جديدًا للشبكة العصبية غير مكلف من الناحية الحاسوبية، ولإظهار فوائد هذا النهج الجديد، أجروا نمذجة معقدة لمجموعة بيانات ضخمة لدرجات حرارة البحر الأحمر."
3,https://www.spa.gov.sa/N2018076,عام / الهلال الأحمر بمنطقة تبوك يرفع جاهزيته تزامناً مع الحالة الجوية المتوقعة على المنطقة,تبوك 08 جمادى الآخرة 1445 هـ الموافق 21 ديسمبر 2023 م واس," رفع فرع هيئة الهلال الأحمر السعودي بمنطقة تبوك جاهزيته استعداداً للتقلبات الجوية المتوقعة على المنطقة تزامناً مع تقرير الحالة المطرية الصادر من الجهات المختصة.  وأكد مدير عام الفرع نواف بن مياح العنزي, الجاهزية التامة لغرفة القيادة والتحكم بالإضافة لـ(٢٧) فرقة إسعافية والإسعاف الجوي وفرق الاستجابة النوعية والفرق الإسعافية التطوعية بحسب الخطة الخاصة بالمنطقة للتقلبات الجوية لتقديم الخدمات الطبية والإسعافية في شتى الظروف المناخية وعلى مدار الساعة."
3,https://www.spa.gov.sa/N2018075,اقتصادي / وزير التجارة يعيّن 6 أعضاء في مجلس إدارة الغرفة التجارية بالمدينة المنورة,المدينة المنورة 08 جمادى الآخرة 1445 هـ الموافق 21 ديسمبر 2023 م واس, أصدر معالي وزير التجارة الدكتور ماجد بن عبدالله القصبي قرارًا بتعيين ستة أعضاء في مجلس إدارة الغرفة التجارية بالمدينة المنورة، وهم: أحمد بن سعود محمد الزغيبي، وغازي بن جمال إبراهيم قطب، وفهد بن عليان منير السهلي، وفؤاد بن خالد عبيد الجربوع، وصالح بن خالد عبدالعزيز الخلف، ومازن بن إبراهيم بن بكر رجب، وذلك في الدورة الجديدة لمجلس إدارة الغرفة (1445_1449هـ).  وبهذا التعيين يكتمل النصاب القانوني لأعضاء مجلس إدارة الغرفة بعدد 12 عضوا، حيث أعلنت وزارة التجارة في 22 جمادى الأول، عن فوز 6 مترشحين في الانتخابات، وهم: نايف بن عوده محمد الحربي، ونايف بن مبيريك مبروك الجابري، عصام بن سالم محمد الهلالي، عبدالله بن محمد أحمد الجهني، خالد بن رويفد مناور الصاعدي، حازم بن عبدالله محسن الصقيري.
3,https://www.spa.gov.sa/N2018074,عام / دوريات الأمن بمنطقة القصيم تقبض على شخص لترويجه مادتي الحشيش والإمفيتامين المخدرتين,بريدة 08 جمادى الآخرة 1445 هـ الموافق 21 ديسمبر 2023 م واس, قبضت دوريات الأمن بمنطقة القصيم على مواطن لترويجه (4.7) كيلوجرامات من مادة الحشيش المخدر ومادة الإمفيتامين المخدر مخبأة داخل مركبته، وجرى إيقافه واتخاذ الإجراءات النظامية بحقه، وإحالته إلى جهة الاختصاص.  وتهيب الجهات الأمنية بالإبلاغ عن كل ما يتوافر من معلومات لدى المواطنين والمقيمين عن أي نشاطات ذات صلة بتهريب أو ترويج المخدرات، وذلك من خلال الاتصال بالأرقام (911) في مناطق مكة المكرمة والرياض والشرقية و(999) في بقية مناطق المملكة، ورقم بلاغات المديرية العامة لمكافحة المخدرات (995)، وعبر البريد الإلكتروني 995@gdnc.gov.sa، وستعالج جميع البلاغات بسرية تامة.
3,https://www.spa.gov.sa/N2018067,عام / الأمين العام لمنظمة التعاون الإسلامي يستقبل القنصل العام لفرنسا في جدة,جدة 08 جمادى الآخرة 1445 هـ الموافق 21 ديسمبر 2023 م واس," استقبل معالي الأمين العام لمنظمة التعاون الإسلامي، حسين إبراهيم طه، اليوم في مقر الأمانة العامة للمنظمة بجدة، القنصل العام لفرنسا بجدة محمد نهاض، الذي قدم له خطاب تعيينه مبعوثاً خاصاً لفرنسا لدى منظمة التعاون الإسلامي.  وخلال اللقاء ثمن الطرفان مستوى العلاقات بين منظمة التعاون الإسلامي وفرنسا، وناقشا آفاق تعزيز الحوار والتعاون في مختلف المجالات, كما تم تبادل وجهات النظر حول القضايا ذات الاهتمام المشترك، وفي مقدمتها القضية الفلسطينية."
3,https://www.spa.gov.sa/N2018061,عام / الديوان الملكي: وفاة صاحب السمو الأمير محمد بن بدر بن فهد بن سعد الأول آل عبدالرحمن آل سعود,الرياض 08 جمادى الآخرة 1445 هـ الموافق 21 ديسمبر 2023 م واس," صدر عن الديوان الملكي اليوم البيان التالي:  ""بيان من الديوان الملكي""  انتقل إلى رحمة الله تعالى صاحب السمو الأمير / محمد بن بدر بن فهد بن سعد الأول آل عبدالرحمن آل سعود، وسيصلى عليه ـ إن شاء الله ـ يوم غدٍ الجمعة الموافق 9 / 6 / 1445هـ، بعد صلاة العصر في جامع الإمام تركي بن عبدالله في مدينة الرياض.  تغمده الله بواسع رحمته ومغفرته ورضوانه وأسكنه فسيح جناته، إنا لله وإنا إليه راجعون."
4,https://www.spa.gov.sa/N2018060,سياسي / لجنة القضاء على التمييز العنصري تحذر من خطاب الكراهية والخطاب غير الإنساني الذي يستهدف الفلسطينيين,جنيف 8 جمادى الآخرة 1445 هـ الموافق 21 ديسمبر 2023 م واس, حذرت لجنة الامم المتحدة للقضاء على التمييز العنصري من خطاب الكراهية والخطاب غير الإنساني، الذي يستهدف الفلسطينيين.  جاء ذلك في قرار للجنة الأمم المتحدة للقضاء على التمييز العنصري، اعتمدت بموجبة إجراءات الإنذار المبكر والإجراءات العاجلة، وذلك وسط التأخير في التصويت على قرار في مجلس الأمن الدولي.  وأعربت اللجنة عن قلقها بشأن مدى التزام إسرائيل -القائمة بالاحتلال- بمنع الجرائم ضد الإنسانية والإبادة الجماعية، فيما تستأنف العدوان على قطاع غزة في 1 ديسمبر 2023 بعد توقف لمدة سبعة أيام، والتوسع في عملياتها العسكرية تجاه جنوب القطاع، مما أدى إلى استشهاد 20 ألف فلسطيني.  كما حذرت اللجنة في القرار من تدهور حالة حقوق الإنسان في الضفة الغربية المحتلة والقدس الشرقية في الأسابيع الماضية، واستخدام القوة المميتة من قبل جيش الاحتلال، إضافة إلى عنف المستوطنين، والاعتقالات التعسفية واحتجاز الفلسطينيين.  وحثت على الوقف الفوري والمستدام لإطلاق النار في قطاع غزة، مطالبة إسرائيل -القائمة بالاحتلال- بالتعاون مع المفوضية السامية لحقوق الإنسان لتوثيق الانتهاكات الجسيمة لحقوق الإنسان والقانون الدولي، بما في ذلك مقتل 136 من موظفي الأمم المتحدة.  وشددت اللجنة على الدول على ضمان تقديم المسؤولين عن الانتهاكات وجرائم الحرب والجرائم ضد الإنسانية في الصراع المسلح الجاري إلى العدالة على وجه السرعة.
4,https://www.spa.gov.sa/N2018051,عام / أمير منطقة عسير يستقبل نائب رئيس هيئة حقوق الإنسان والوفد المرافق,أبهـا 08 جمادى الآخرة 1445 هـ الموافق 21 ديسمبر 2023 م واس, استقبل صاحب السمو الملكي الأمير تركي بن طلال بن عبدالعزيز أمير منطقة عسير رئيس هيئة تطوير المنطقة، في مكتبه بديوان الإمارة، معالي نائب رئيس هيئة حقوق الإنسان الدكتور هشام بن عبدالرحمن آل الشيخ، وعدد من أعضاء الهيئة.  ورحب أمير منطقة عسير، في مستهل اللقاء بمعالي نائب رئيس الهيئة والوفد المرافق له، متمنياً لهم التوفيق في زيارتهم للمنطقة.  واطّلع الأمير تركي بن طلال على أبرز خطط وبرامج الهيئة المزمع تنفيذها بالتنسيق مع عدد من الجهات ذات العلاقة، مشيداً سموه بالدور الإنساني الذي تضطلع به الهيئة، وما تقدمه من مخرجات ونهج لحفظ الحقوق الإنسانية، مؤكداً على ما تحظى به أعمال الهيئة من دعم واهتمام من القيادة الرشيدة -أيدها الله-، منوهاً بما تشهده المملكة من تطورات تستهدف رفع جودة الحياة، والعناية بكافة فئات المجتمع.  من جهة أخرى، ترأس معالي نائب رئيس هيئة حقوق الإنسان اجتماعاً مع قيادات الجهات الحكومية بمنطقة عسير، وذلك في مقر الإمارة، والذي نظمته إمارة منطقة عسير بالتعاون مع فرع هيئة حقوق الإنسان بالمنطقة.  واستعرض الاجتماع موجزاً قدمته عضو مجلس الهيئة الدكتورة هند خالد الخليفة، أوضحت من خلاله رؤية ورسالة الهيئة، إلى جانب أهدافها ومهامها المعمول بها وأهم لجانها وتصنيفاتها إقليمياً ودولياً.  عقب ذلك تم مناقشة أبرز الإجراءات النظامية التي تتقاطع مع أهداف الهيئة ودور الإعلام في الإسهام في رفع الوعي ورفع تصنيفات المملكة دولياً، كما تم الإجابة على عدد من الاستفسارات التي تختص بمهام هيئة حقوق الإنسان.
4,https://www.spa.gov.sa/N2018050,اقتصادي/ انعقاد الاجتماع الـ 63 لاتحاد غرف دول مجلس التعاون في الدوحة,الدمام 08 جمادى الآخرة 1445 هـ الموافق 21 ديسمبر 2023 م واس, استضافت غرفة تجارة وصناعة قطر اليوم، الاجتماع الـ 63 لمجلس إدارة اتحاد غرف دول مجلس التعاون الخليجي في العاصمة القطرية الدوحة، برئاسة رئيس اتحاد الغرف الخليجية حسن بن معجب الحويزي، وحضور الشيخ خليفة بن جاسم آل ثاني رئيس غرفة قطر، ومشاركة رؤساء الغرف الخليجية.  وناقش الاجتماع العديد من الموضوعات في إطار تعزيز التعاون التجاري والاقتصادي بين دول مجلس التعاون الخليجي، وتعظيم دور القطاع الخاص في النشاط الاقتصادي الخليجي وانعكاس ذلك على التجارة البينية الخليجية ورفعها إلى مستويات أعلى.  وأكد الحويزي أن القطاع الخاص الخليجي حقق في العديد من المؤشرات العالمية كالتنافسية وغيرها، وتعتبر دول المجلس من بين أهم الاقتصادات العالمية، من خلال نمو الاستثمارات المحلية والدولية، والقطاعات الواعدة كالتقنية والسياحة، لافتاً النظر إلى أن الاتحاد عمل خلال الفترة الماضية مع الجهات الحكومية الخليجية على المشاركة في رسم السياسات الاقتصادية من خلال تقديم الدراسات والتقارير التي تعكس رأي القطاع الخاص الخليجي في القضايا ذات الشأن الاقتصادي.  وأشار إلى أن الغرفة حققت العديد من المنجزات أهمها إنهاء 25 موضوعاً من أصل 58 موضوعاً، تم مناقشتها في اللقاءات التشاورية مع أصحاب المعالي والسعادة وزراء التجارة والصناعة بدول المجلس، والمشاركة الدائمة مع هيئة الاتحاد الجمركي الخليجي، وغيرها من المنجزات.  ولفت الشيخ خليفة بن جاسم آل ثاني رئيس غرفة قطر إلى أن مجلس التعاون الخليجي يملك المقومات التي تجعل منه تحالفاً إقليمياً اقتصادياً قادراً على أن يفرض نفسه على الساحة الاقتصادية العالمية، بفضل ما حباه الله من موارد طبيعية وموقع جغرافي متميز وعلاقات متينة مع أغلب الكيانات والتحالفات الاقتصادية العالمية.  وتضمن جدول أعمال الاجتماع التصديق على محضر الاجتماع السابق لمجلس الاتحاد، والإعلان عن انتقال رئاسة الاتحاد للدورة (23) إلى غرفة تجارة وصناعة عمان بدءاً من 10 فبراير 2024 وحتى 9 فبراير 2026، ومتابعة قرارات الاجتماع 62 لمجلس الاتحاد، ومشروع برنامج عمل الأمانة العامة للاتحاد للعام 2024، ومشروع الموازنة التقديرية للعام 2024.
4,https://www.spa.gov.sa/N2018049,"اقتصادي / وزير الصناعة يلتقي صناعيي عسير و ""مدن"" توقع عقوداً باستثمارات 513 مليون ريال",أبها 08 جمادى الآخرة 1445 هـ الموافق 21 ديسمبر 2023 م واس," التقى معالي وزير الصناعة والثروة المعدنية رئيس مجلس إدارة الهيئة السعودية للمدن الصناعية ومناطق التقنية ""مدن"" الأستاذ بندر بن إبراهيم الخريف اليوم بعدد من صناعيي منطقة عسير وذلك في مطل المدينة الصناعية الأولى شمال غرب محافظة خميس مشيط.  وتناول اللقاء عرض الفرص والممكنات التي تقدمها الوزارة وهيئة ""مدن"" وسبل معالجة الصعوبات التي تواجه الصناعيين في المنطقة.  وأكد معالي وزير الصناعة والثروة المعدنية على الدعم الكبير الذي تجده الصناعة في كل مناطق المملكة ومنها منطقة عسير التي شهدت أمس إطلاق مدينتها الصناعية الثانية على مساحة تقدّر بـ 17,3 مليون متر مربع، تلبيةً للطلب المتزايد على الاستثمار الصناعي بالمنطقة لتتكامل مع المدينة الصناعية الأولى بعسير في تقديم خدمات ومنتجات تُسهم في رفع قدرات القطاع الصناعي من خلال تهيئة البيئة النموذجية وفقًا للمواصفات العالمية.  وفي سياق متصل، أعلنت الهيئة السعودية للمدن الصناعية ومناطق التقنية ""مدن"" عن ضخ استثمارات صناعية ولوجستية جديدة في مدنها الصناعية بمنطقة عسير بقيمة بلغت 513 مليون ريال, عبر تخصيص أراض وتدشين مشروعات تدعم تطوير البنية التحتية والخدمية، وتُسهم في تعزيز النهضة الصناعية والاقتصادية في المنطقة، وإبرام عقد تخصيص أرض صناعية مع شركة ""فيتونيت السعودية المحدودة - سافيتو"" باستثمارات بلغت 100 مليون ريال لإنشاء مصنع حديث متخصص في إنتاج مواد البناء لدعم المشاريع التنموية في المنطقة، وتوقيع عقد تخصيص مع شركة ""صناعات"" باستثمارات تبلغ 150 مليون ريال لإنشاء حاضنة ومسرعة أعمال توفر بيئة عمل مميزة للمنشآت الصغيرة والمتوسطة وتدعم رواد ورائدات الأعمال.  كما وقَّعت ""مدن "" و""شركة محمد حسين عبد الله السبع"" عقد تخصيص أرض صناعية باستثمارات 35 مليون ريال لإنشاء مصنع مُتخصص في صناعة المستلزمات الطبية كأحد القطاعات الصناعية الواعدة المستهدفة في الإستراتيجيات الوطنية، كما خصصت أرضًا صناعية لمؤسسة ""خلوفة راسم آل زاير التجارية"" باستثمارات 80 مليون ريال لإنشاء مصنع يدعم الإنتاج الزراعي المحلي ويسهم في تحقيق مستهدفات الأمن الغذائي، إلى جانب تخصيص أرض صناعية لشركة ""أكفاء للصناعة"" باستثمارات 24 مليون ريال لإنشاء مصنع متخصص في إنتاج الأعلاف الحيوانية تعزيزًا لحجم الإنتاج المحلي.  وحظيت شركة ""نسما للبنية التحتية والتقنية المحدودة"" بعقد إنشاء محطة تحويل كهربائي جهد 132/33 ك.ف بقيمة 124 مليون ريال لدعم مشروعات تطوير الخدمات والبنى التحتية في إطار المبادرات المُوكلة إلى ""مدن"" ضمن برنامج تطوير الصناعة الوطنية والخدمات اللوجستية ""ندلب""، وتعزيزًا لتنافسية المدينة الصناعية الثانية بعسير، وجعلها وجهة للشركات الوطنية والعالمية بتدفقات استثمارية كبيرة ومواكبة النهضة التنموية التي تشهدها المنطقة.  كما عقدت ""مدن"" والمؤسسة العامة للتدريب التقني والمهني اتفاقية تأهيل للكوادر الوطنية وصقل المهارات الحرفية والتقنية في القطاع الصناعي من خلال توفير فرص تدريب في مصانع المدينة الصناعية الأولى بعسير تتوافق مع متطلبات سوق العمل وتوطين الوظائف.  يشار إلى أن ""مدن"" تضم أصولًا صناعية ولوجستية تضعها في قائمة أكبر المدن الصناعية عالميًا بوجود أكثر من 209 ملايين متر مربع مساحات مُطورة، وأكثرمن 6300 مصنع وما يزيد على 1283 مصنعًا جاهزًا."
4,https://www.spa.gov.sa/N2018043,رياضي / الخليج وضمك يظفران بالفوز على حساب الفيحاء والطائي في أولى مواجهات الدور الثاني من الدوري السعودي,الرياض 8 جمادى الآخرة 1445 هـ الموافق 21 ديسمبر 2023 م واس," تمكن فريق الخليج من الفوز على ضيفه الفيحاء بثلاثية نظيفة في المباراة التي لعبت في الدمام مساء ليوم لحساب الجولة الـ 18 من الدوري السعودي للمحترفين ""دوري روشن 2023 - 2024""، وهي ذات النتيجة التي كسب بها ضمك ضيفه الطائي في مباراة لعبت في خميس مشيط لحساب نفس الجولة من ذات المسابقة.  المباراتان كانتا أول مباريات الدور الثاني من مسابقة الدوري، والتي استطاع الخليج في المباراة الأولى منها من السيطرة الكاملة على مجريات المواجهة مع الفيحاء، إذ سجلت أولى أهداف الخليج عن طريق كرة ثابته من خارج منطقة الجزاء التي نفذها بنجاح الكوري الجنوبي جونج وو يونج عند الدقيقة 21، قبل أن يضيف خالد ناري الهدف الثاني لفريقه من نقطة الجزاء في الدقيقة 32، في حين جاء الهدف الثالث بخطأ من مدافع الفيحاء سامي الخيبري عند الدقيقة 82.  فيما جاءت أهداف ضمك جميعها في الشوط الثاني من مواجهته مع ضيفه الطائي، إذ تكفل فاروق شافعي بالهدف الأول عند الدقيقة 57 ، فيما أضاف عبدالقادر بدران ثاني الأهداف في الدقيقة 86، واختتم أهداف ضمك نيكولا ستانسيو عند الدقيقة 90 +11.  وبهذه النتائج بات لدى الخليج 22 نقطة في المركز التاسع، فيما استطاع ضمك ضمان النقطة 30 في المركز الخامس، في حين تجمد رصيد الفيحاء عند النقطة الـ 19 في المركز الـ 11، والطائي ظل على رصيده النقطي بـ 17 نقطة في المركز الـ 13."
4,https://www.spa.gov.sa/N2018038,عام / تنفيذ حكم القتل حداً بجانيين في منطقة جازان,جيزان 08 جمادى الآخرة 1445 هـ الموافق 21 ديسمبر 2023 م واس, أصدرت وزارة الداخلية، اليوم، بيانًا حول تنفيذ حكم القتل حداً بجانيين في منطقة جازان، وفيما يلي نص البيان:  قال الله تعالى: (إنما جزاء الذين يحاربون الله ورسوله ويسعون في الأرض فساداً أن يقتلوا أو يصلبوا أو تقطع أيديهم وأرجلهم من خلاف أو ينفوا من الأرض ذلك لهم خزي في الدنيا ولهم في الآخرة عذاب عظيم).  أقدم كل / مد سيرازول مدجلاال بيفاري و / مفضل موجون علي ـ بنجلاديشيي الجنسية ـ على قتل / محمد ارزوخان ـ هندي الجنسية ـ وذلك باستدراجهما له في السيارة إلى أرض فضاء والاعتداء عليه بخنقه بقطعة قماش من الخلف في غفلته، ورش مبيد حشري بداخل فمه، مما أدى إلى وفاته، واخفائهما الجثة بدفنها، وذلك بسبب خلافات مالية، وتعاطيهما أقراص الإمفيتامين المحظورة.  وبفضل من الله تمكنت الجهات الأمنية من القبض على الجانيين المذكورين وأسفر التحقيق معهما عن توجيه الاتهام إليهما بارتكاب جريمتهما، وبإحالتهما إلى المحكمة المختصة صدر بحقهما صك يقضي بثبوت إدانتهما بما نسب إليهما، ولأن ما أقدما عليه كان على وجه يأمن معه المجني عليه من غائلتهما؛ فقد تم الحكم عليهما بالقتل حداً لقتلهما المجني عليه غيلة، وأيد الحكم من محكمة الاستئناف ومن المحكمة العليا، وصدر أمر ملكي بإنفاذ ما تقرر شرعًا وأيد من مرجعه.  وقد تم تنفيذ حكم القتل حدًا بالجانيين / مد سيرازول مدجلاال بيفاري و / مفضل موجون علي، يوم الخميس 8 / 6 / 1445هـ الموافق 21 / 12 / 2023م بمنطقة جازان.  ووزارة الداخلية إذ تعلن عن ذلك لتؤكد حرص حكومة المملكة على استتباب الأمن، وتحقيق العدل، وتنفيذ أحكام الله في كل من يتعدى على الآمنين ويسفك دماءهم، وتحذر في الوقت ذاته كل من تسول له نفسه الإقدام على مثل ذلك بأن العقاب الشرعي سيكون مصيره.  والله الهادي إلى سواء السبيل.
4,https://www.spa.gov.sa/N2018035,عام / الدفاع المدني يدعو إلى الحيطة من استمرار فرص هطول الأمطار الرعدية على معظم مناطق المملكة,الرياض 08 جمادى الآخرة 1445 هـ الموافق 21 ديسمبر 2023 م واس, دعت المديرية العامة للدفاع المدني إلى الحيطة والحذر وضـرورة البقاء في أماكن آمنة والابتعاد عن أماكن تجمُّع السيول والمسـتنقعات المائية والأودية، وعدم السباحة فيها كونها أماكن غير مناسبة لذلك وتشكل خطورة، والالتزام بالتعليمات المعلنة عبر وسائل الإعلام المختلفة ومواقع التواصل الاجتماعي، وذلك لاستمرار فرص هطول الأمطار الرعدية على معظم مناطق المملكة، من اليوم الجمعة حتى يوم الأحد المقبل.  وأوضحت أن منطقة مكة المكرمة ستتأثر بأمطار متوسطة إلى غزيرة قد تؤدي إلى جريان السيول وتساقط البرد ورياح هابطة شديدة السرعة مثيرة للأتربة والغبار لتشمل العاصمة المقدسة والجموم والكامل وخليص، ومناطق تبوك والمدينة المنورة وحائل والقصيم والمنطقة الشرقية، ويتوقع هطول أمطار خفيفة إلى متوسطة ورياح هابطة نشطة السرعة مثيرة للأتربة والغبار على منطقة الرياض لتشمل الرياض العاصمة وضرما ومرات والمزاحمية، ومناطق الجوف والحدود الشمالية والمنطقة الشرقية والباحة وعسير وجازان.  وأشارت المديرية إلى أنه يتوقع هطول أمطار متوسطة ورياح هابطة نشطة السرعة مثيرة للأتربة والغبار على منطقة مكة المكرمة لتشمل جدة ورابغ وبحرة والطائف وميسان وأضم والعرضيات والليث والقنفذة وتربة والخرمة والمويه ورنية، ويتوقع أن تتأثر منطقة الرياض لتشمل عفيف والدوادمي والقويعية والزلفي والغاط وشقراء ومرات والمجمعة وثادق ورماح، ومنطقتي تبوك والمدينة المنورة.
4,https://www.spa.gov.sa/N2018034,سياسي / وزير الخارجية التونسي يلتقي وزير الخارجية الروسي,تونس 8 جمادى الآخرة 1445 هـ الموافق 21 ديسمبر 2023 م واس, التقى وزير الخارجية التونسي نبيل عمار، اليوم، وزير الخارجية الروسي سيرغي لافروف ، الذي يزور تونس حالياً.  واستعرض الوزيران خلال اللقاء واقع التعاون الثنائي بين البلدين وسبل دعمه وتوسيعه في العديد من المجالات، واتفقا على عقد الدورة الثامنة للجنة التونسية الروسية المشتركة بموسكو خلال الثلاثي الأول من سنة 2024.  كما جرى خلال اللقاء تناول القضايا الإقليمية والدولية الراهنة، بينها الأوضاع في الأراضي الفلسطينية المحتلة، حيث دعا الوزير الروسي الى وقف العدوان وضرورة المضي في إيجاد حل سياسي للقضية الفلسطينية بما يكفل حقوق الشعب الفلسطيني.
4,https://www.spa.gov.sa/N2018028,"رياضي / الموسم الرابع لسباقات ""إكستريم إي"" لسيارات الدفع الرباعي الكهربائية ينطلق من جدة فبراير المقبل",جدة 08 جمادى الآخرة 1445 هـ الموافق 21 ديسمبر 2023 م واس," كشف منظمو ""إكستريم إي""، عن روزنامة الموسم الرابع لعام 2024 لسلسلة سباقات سيارات الدفع الرباعي الكهربائية، التي تستهدف تسليط الضوء على تأثير التغيّر المناخي والتدخلات البشرية في المواقع النائية المتميزة بطبيعتها الخلابة، والتشجيع على استخدام المركبات الكهربائية لدعم جهود الحفاظ على البيئة.  وللعام الرابع على التوالي، تنطلق الجولة العالمية للسلسلة من المملكة العربية السعودية، حيث ستنطلق الجولتان الافتتاحيتان للموسم يومي 17 و 18 فبراير 2024، في موقع جديد بالقرب من مدينة جدة، فيما ستقام الجولتان الثالثة والرابعة في أوروبا يومي 13 و14 يوليو، حيث سيتم الإعلان عن موقع الاستضافة لاحقاً.  وستنتقل السلسلة بعد ذلك إلى ""سردينيا"" في إيطاليا، التي أصبحت عنصرًا أساسيًا في تقويم ""إكستريم إي"" منذ إطلاقها في العام 2021، وستعود السلسلة إلى الجزيرة الإيطالية لأربع جولات من موسم 2024، حيث ستقام الجولة الخامسة والسادسة يومي 14 و15 سبتمبر، والجولة السابعة والثامنة يومي 21 و22 سبتمبر.  وستكون الجولات الأربع في ""سردينيا"" أيضاً موقعاً لعرض واختبار سيارات ""إكستريم إتش"" قبل ظهورها لأول مرة في عام 2025، والتي ستكون أول سلسلة سباقات للطرق الوعرة في العالم تعمل بالهيدروجين، حيث تتواصل الاستعدادات لانطلاق البطولة بعد نحو عام.  وسيختتم الموسم الرابع لسلسلة سباقات سيارات الدفع الرباعي الكهربائية، في ""فينيكس بولاية أريزونا الأمريكية، بالجولتين التاسعة والعاشرة يومي 23 و24 نوفمبر، حيث ستقام البطولة لأول مرة في الولايات المتحدة الأمريكية.  وقال المؤسس والرئيس التنفيذي لسلسة إكستريم إي اليخاندرو: ""يسعدنا الكشف عن روزنامة الموسم الرابع من إكستريم إي، ونسعى إلى مواصلة البناء على النجاح الذي تحقق في السنوات الثلاثة الماضية ونعد جمهورنا بموسم قوي هذا العام"".  وأضاف: ""نتطلع للعودة إلى المملكة لخوض الجولات الافتتاحية للموسم الجديد كما تعودنا في السنوات الماضية، حيث وفرت المملكة طوال السنوات الماضية مشهداً رائعاً، ونتوقع الأمر نفسه عند عودتنا في شهر فبراير في موقع جديد رائع بالقرب من جدة"".  وأشار إلى أنه سيتم الإعلان عن موقع السباق في أوروبا قريباً، كما نواصل برنامج اختبار مخصص لسيارة ""إكستريم إتش"" الجديدة، مبيناً أن إقامة سباقات في القارة الأوروبية خلال المرحلة الوسطى من الموسم يشكل أمراً مهماً لتبسيط العمليات, مقدماً الشكر لنادي السيارات الإيطالي ولمنطقة ساردينيا على دعمهما للسلسلة، حيث من المرجح أن تكون سردينيا هي المكان الذي ستشهد فيه اللفات الأولى لسيارة ""إكستريم إتش"" على مضمار السباق على الطرق الوعرة، والتي ستكون لحظة تاريخية لرياضة السيارات والطاقة الهيدروجينية.  وعد المؤسس والرئيس التنفيذي لسلسة إكستريم التوجه إلى الولايات المتحدة الأمريكية لأول مرة في الجولة الختامية لموسم 2024 بمثابة علامة فارقة مهمة في السلسلة وختام مناسب لهذا العام، حيث تعد الولايات المتحدة سوقاً رئيسياً ولديهم شغف كبير بالسباقات على الطرق الوعرة، متطلعاً إلى ظهور سلسلة ""إكستريم إي"" لأول مرة في أمريكا الشمالية.  يذكر أن سلسلة ""إكستريم إي"" هي شكل جديد ومبتكر لسباقات سيارات الدفع الرباعي الكهربائية وذلك في بيئات قاسية حول العالم والتي تضررت أو تأثرت بالمناخ والتغيرات البيئية، وتتألف السلسلة العالمية من 10 جولات وتسلّط الضوء على تأثير تغير المناخ والتحديات البيئية في بعض المواقع النائية في العالم والترويج للتوجه نحو استخدام المركبات الكهربائية ودعم المساعي الرامية إلى تقليل الانبعاثات الكربونية وخلق مستقبل أفضل لكوكب الأرض."
4,https://www.spa.gov.sa/N2018023,"بيئي / أمانة الشمالية تنفذ مشروع ""حديقة ومضمار هجرة الديدب"" لتعزيز جودة الحياة",عرعر 08 جمادى الآخرة 1445 هـ الموافق 21 ديسمبر 2023 م واس," نفذت أمانة منطقة الحدود الشمالية ممثلة ببلدية أم خنصر مشروع "" حديقة ومضمار هجرة الديدب"" التي تقع على الطريق الدولي بالشمال .  وأوضحت الأمانة أن المشروع يسهم في تعزيز جودة الحياة ويحتوي على ممشى بطول 600 متر ومسار للمكفوفين بطول 155 متراً ومناطق جلوس ومسار حجري صحي بطول 40 متراً ومساراً رملياً صحياً بطول 40 متراً ومنطقة زراعية مهيأة بمساحة 500 متر مربع، بالإضافة إلى ألعاب لذوي الإعاقة، وألعاب أطفال ، وأدوات رياضية ، وملعب كرة قدم بمساحة 2040 متراً مربعاً ومنطقة ألعاب تفاعلية، وجدارية للرسم الحر .  يذكر أن أمانة المنطقة دشنت مؤخرا مشروعات تنموية ببلدية أم خنصر بعرعر بنحو 15 مليون ريال، وتضمنت مشروعات صيانة الطرق وأنسنة المدن، وجودة الحياة، ومشروع مبادرات معالجة التشوه البصري ."
