Category,Link,Page_number
articles_authors,https://www.okaz.com.sa/articles/authors/2150829,1
articles_authors,https://www.okaz.com.sa/articles/authors/2150828,1
articles_authors,https://www.okaz.com.sa/articles/authors/2150827,1
articles_authors,https://www.okaz.com.sa/articles/authors/2150826,1
articles_authors,https://www.okaz.com.sa/articles/authors/2150825,1
articles_authors,https://www.okaz.com.sa/articles/authors/2150824,1
articles_authors,https://www.okaz.com.sa/articles/authors/2150697,1
articles_authors,https://www.okaz.com.sa/articles/authors/2150695,1
articles_authors,https://www.okaz.com.sa/articles/authors/2150694,1
articles_authors,https://www.okaz.com.sa/articles/authors/2150693,1
articles_authors,https://www.okaz.com.sa/articles/authors/2150692,1
articles_authors,https://www.okaz.com.sa/articles/authors/2150691,1
articles_authors,https://www.okaz.com.sa/articles/authors/2150690,1
articles_authors,https://www.okaz.com.sa/articles/authors/2150679,1
articles_authors,https://www.okaz.com.sa/articles/authors/2150586,1
articles_authors,https://www.okaz.com.sa/articles/authors/2150585,1
articles_authors,https://www.okaz.com.sa/articles/authors/2150584,1
articles_authors,https://www.okaz.com.sa/articles/authors/2150583,2
articles_authors,https://www.okaz.com.sa/articles/authors/2150491,2
articles_authors,https://www.okaz.com.sa/articles/authors/2150490,2
articles_authors,https://www.okaz.com.sa/articles/authors/2150489,2
articles_authors,https://www.okaz.com.sa/articles/authors/2150488,2
articles_authors,https://www.okaz.com.sa/articles/authors/2150487,2
articles_authors,https://www.okaz.com.sa/articles/authors/2150486,2
articles_authors,https://www.okaz.com.sa/articles/authors/2150485,2
articles_authors,https://www.okaz.com.sa/articles/authors/2150383,2
articles_authors,https://www.okaz.com.sa/articles/authors/2150382,2
articles_authors,https://www.okaz.com.sa/articles/authors/2150381,2
articles_authors,https://www.okaz.com.sa/articles/authors/2150380,2
articles_authors,https://www.okaz.com.sa/articles/authors/2150297,2
articles_authors,https://www.okaz.com.sa/articles/authors/2150296,2
articles_authors,https://www.okaz.com.sa/articles/authors/2150295,2
articles_authors,https://www.okaz.com.sa/articles/authors/2150294,2
articles_authors,https://www.okaz.com.sa/articles/authors/2150293,2
articles_authors,https://www.okaz.com.sa/articles/authors/2150213,3
articles_authors,https://www.okaz.com.sa/articles/authors/2150212,3
articles_authors,https://www.okaz.com.sa/articles/authors/2150211,3
articles_authors,https://www.okaz.com.sa/articles/authors/2150210,3
articles_authors,https://www.okaz.com.sa/articles/authors/2150209,3
articles_authors,https://www.okaz.com.sa/articles/authors/2150208,3
articles_authors,https://www.okaz.com.sa/articles/authors/2150094,3
articles_authors,https://www.okaz.com.sa/articles/authors/2150093,3
articles_authors,https://www.okaz.com.sa/articles/authors/2150092,3
articles_authors,https://www.okaz.com.sa/articles/authors/2150091,3
articles_authors,https://www.okaz.com.sa/articles/authors/2150090,3
articles_authors,https://www.okaz.com.sa/articles/authors/2150089,3
articles_authors,https://www.okaz.com.sa/articles/authors/2150088,3
articles_authors,https://www.okaz.com.sa/articles/authors/2150004,3
articles_authors,https://www.okaz.com.sa/articles/authors/2150003,3
articles_authors,https://www.okaz.com.sa/articles/authors/2150002,3
articles_authors,https://www.okaz.com.sa/articles/authors/2150001,3
articles_authors,https://www.okaz.com.sa/articles/authors/2150000,4
articles_authors,https://www.okaz.com.sa/articles/authors/2149999,4
articles_authors,https://www.okaz.com.sa/articles/authors/2149998,4
articles_authors,https://www.okaz.com.sa/articles/authors/2149920,4
articles_authors,https://www.okaz.com.sa/articles/authors/2149919,4
articles_authors,https://www.okaz.com.sa/articles/authors/2149918,4
articles_authors,https://www.okaz.com.sa/articles/authors/2149917,4
articles_authors,https://www.okaz.com.sa/articles/authors/2149916,4
articles_authors,https://www.okaz.com.sa/articles/authors/2149915,4
articles_authors,https://www.okaz.com.sa/articles/authors/2149914,4
articles_authors,https://www.okaz.com.sa/articles/authors/2149846,4
articles_authors,https://www.okaz.com.sa/articles/authors/2149845,4
articles_authors,https://www.okaz.com.sa/articles/authors/2149844,4
articles_authors,https://www.okaz.com.sa/articles/authors/2149843,4
articles_authors,https://www.okaz.com.sa/articles/authors/2149842,4
articles_authors,https://www.okaz.com.sa/articles/authors/2149841,4
articles_authors,https://www.okaz.com.sa/articles/authors/2149840,4
articles_authors,https://www.okaz.com.sa/articles/authors/2149764,5
articles_authors,https://www.okaz.com.sa/articles/authors/2149763,5
articles_authors,https://www.okaz.com.sa/articles/authors/2149762,5
articles_authors,https://www.okaz.com.sa/articles/authors/2149761,5
articles_authors,https://www.okaz.com.sa/articles/authors/2149760,5
articles_authors,https://www.okaz.com.sa/articles/authors/2149759,5
articles_authors,https://www.okaz.com.sa/articles/authors/2149758,5
articles_authors,https://www.okaz.com.sa/articles/authors/2149757,5
articles_authors,https://www.okaz.com.sa/articles/authors/2149756,5
articles_authors,https://www.okaz.com.sa/articles/authors/2149686,5
articles_authors,https://www.okaz.com.sa/articles/authors/2149685,5
articles_authors,https://www.okaz.com.sa/articles/authors/2149684,5
articles_authors,https://www.okaz.com.sa/articles/authors/2149683,5
articles_authors,https://www.okaz.com.sa/articles/authors/2149682,5
articles_authors,https://www.okaz.com.sa/articles/authors/2149681,5
articles_authors,https://www.okaz.com.sa/articles/authors/2149572,5
articles_authors,https://www.okaz.com.sa/articles/authors/2149571,5
articles_authors,https://www.okaz.com.sa/articles/authors/2149570,6
articles_authors,https://www.okaz.com.sa/articles/authors/2149569,6
articles_authors,https://www.okaz.com.sa/articles/authors/2149568,6
articles_authors,https://www.okaz.com.sa/articles/authors/2149567,6
articles_authors,https://www.okaz.com.sa/articles/authors/2149566,6
articles_authors,https://www.okaz.com.sa/articles/authors/2149565,6
articles_authors,https://www.okaz.com.sa/articles/authors/2149564,6
articles_authors,https://www.okaz.com.sa/articles/authors/2149497,6
articles_authors,https://www.okaz.com.sa/articles/authors/2149496,6
articles_authors,https://www.okaz.com.sa/articles/authors/2149495,6
articles_authors,https://www.okaz.com.sa/articles/authors/2149494,6
articles_authors,https://www.okaz.com.sa/articles/authors/2149493,6
articles_authors,https://www.okaz.com.sa/articles/authors/2149492,6
articles_authors,https://www.okaz.com.sa/articles/authors/2149491,6
articles_authors,https://www.okaz.com.sa/articles/authors/2149490,6
articles_authors,https://www.okaz.com.sa/articles/authors/2149410,6
articles_authors,https://www.okaz.com.sa/articles/authors/2149409,6
articles_authors,https://www.okaz.com.sa/articles/authors/2149408,7
articles_authors,https://www.okaz.com.sa/articles/authors/2149407,7
articles_authors,https://www.okaz.com.sa/articles/authors/2149406,7
articles_authors,https://www.okaz.com.sa/articles/authors/2149321,7
articles_authors,https://www.okaz.com.sa/articles/authors/2149320,7
articles_authors,https://www.okaz.com.sa/articles/authors/2149319,7
articles_authors,https://www.okaz.com.sa/articles/authors/2149318,7
articles_authors,https://www.okaz.com.sa/articles/authors/2149317,7
articles_authors,https://www.okaz.com.sa/articles/authors/2149316,7
articles_authors,https://www.okaz.com.sa/articles/authors/2149315,7
articles_authors,https://www.okaz.com.sa/articles/authors/2149233,7
articles_authors,https://www.okaz.com.sa/articles/authors/2149232,7
articles_authors,https://www.okaz.com.sa/articles/authors/2149231,7
articles_authors,https://www.okaz.com.sa/articles/authors/2149230,7
articles_authors,https://www.okaz.com.sa/articles/authors/2149229,7
articles_authors,https://www.okaz.com.sa/articles/authors/2149228,7
articles_authors,https://www.okaz.com.sa/articles/authors/2149227,7
